asn,count,bad_count,CCA
"Cloudflare, Inc.",17018,4863,0.28575625807968036
UNKNOWN,14086,12000,0.8519096975720574
"Amazon.com, Inc.",8606,3075,0.35730885428770626
Google LLC,2075,1188,0.5725301204819278
"Weebly, Inc.",2057,2033,0.9883325230918814
"Servers.com, Inc.",1455,1445,0.993127147766323
"Fastly, Inc.",1096,247,0.22536496350364962
"Cloudflare London, LLC",1074,55,0.051210428305400374
Akamai Connected Cloud,1044,512,0.4904214559386973
Hetzner Online GmbH,970,365,0.37628865979381443
"Squarespace, Inc.",745,128,0.17181208053691274
OVH SAS,545,114,0.20917431192660552
Hostinger International Limited,535,244,0.45607476635514016
Microsoft Corporation,526,110,0.20912547528517111
Wix.com Ltd.,522,125,0.23946360153256704
"DigitalOcean, LLC",482,142,0.2946058091286307
Wowrack.com,426,423,0.9929577464788732
IANA.ORG,401,390,0.972568578553616
PEG TECH INC,330,62,0.18787878787878787
"Namecheap, Inc.",301,108,0.3588039867109635
ASLINE LIMITED,282,12,0.0425531914893617
IONOS SE,276,75,0.2717391304347826
Confluence Networks Inc,261,42,0.16091954022988506
"Automattic, Inc",249,42,0.1686746987951807
Incapsula Inc,216,11,0.05092592592592592
Gransy s.r.o.,209,200,0.9569377990430622
Trellian Pty. Limited,202,162,0.801980198019802
Akamai International B.V.,199,0,0.0
"easyDNS Technologies, Inc.",195,190,0.9743589743589743
"GoDaddy.com, LLC",186,48,0.25806451612903225
Unified Layer,184,71,0.3858695652173913
DXTL Tseung Kwan O Service,177,31,0.1751412429378531
"Hangzhou Alibaba Advertising Co.,Ltd.",175,21,0.12
"Alibaba US Technology Co., Ltd.",169,44,0.2603550295857988
"Liquid Web, L.L.C",153,16,0.10457516339869281
Team Internet AG,144,82,0.5694444444444444
LUOGELANG FRANCE LIMITED,140,12,0.08571428571428572
Hurricane Electric LLC,140,134,0.9571428571428572
Oracle Corporation,135,42,0.3111111111111111
"New Dream Network, LLC",132,15,0.11363636363636363
"Domain names registrar REG.RU, Ltd",129,52,0.40310077519379844
Jsc timeweb,125,28,0.224
Vautron Rechenzentrum AG,119,0,0.0
Beget LLC,118,20,0.1694915254237288
CNSERVERS LLC,117,9,0.07692307692307693
LG DACOM Corporation,116,99,0.853448275862069
"Network Solutions, LLC",114,50,0.43859649122807015
"The Constant Company, LLC",113,27,0.23893805309734514
POWER LINE DATACENTER,111,15,0.13513513513513514
SAKURA Internet Inc.,106,16,0.1509433962264151
Netminders Server Hosting,102,102,1.0
"OWGELS INTERNATIONAL CO., LIMITED",102,5,0.049019607843137254
Sprinthost.ru LLC,100,91,0.91
Host Europe GmbH,99,11,0.1111111111111111
AROSSCLOUD INC.,99,7,0.0707070707070707
Sucuri,97,9,0.09278350515463918
JSC Selectel,94,15,0.1595744680851064
Wildcard UK Limited,93,85,0.9139784946236559
Aruba S.p.A.,92,16,0.17391304347826086
SEDO GmbH,86,47,0.5465116279069767
"GMO Internet Group, Inc.",84,43,0.5119047619047619
"InMotion Hosting, Inc.",84,17,0.20238095238095238
Korea Telecom,79,12,0.1518987341772152
Combell NV,79,5,0.06329113924050633
Shenzhen Tencent Computer Systems Company Limited,78,34,0.4358974358974359
Xserver Inc.,76,12,0.15789473684210525
UAB Cgates,73,73,1.0
eSited Solutions,72,5,0.06944444444444445
WHG Hosting Services Ltd,70,28,0.4
LLC masterhost,69,8,0.11594202898550725
Gigabit Hosting Sdn Bhd,69,4,0.057971014492753624
"Tencent Building, Kejizhongyi Avenue",67,17,0.2537313432835821
Zenlayer Inc,65,47,0.7230769230769231
cognetcloud INC,65,11,0.16923076923076924
China Telecom Group,65,9,0.13846153846153847
LeaseWeb Netherlands B.V.,64,37,0.578125
Signet B.V.,64,8,0.125
GNET INC.,64,16,0.25
Corporation Service Company,62,16,0.25806451612903225
Ddos-guard Ltd,61,33,0.5409836065573771
K Media Tech Ltd.,59,0,0.0
Rackspace Hosting,57,4,0.07017543859649122
Xtra Telecom S.A.,57,57,1.0
JSC IOT,56,3,0.05357142857142857
Protocol Labs,56,56,1.0
"DFINITY USA Research, LLC",55,55,1.0
Neue Medien Muennich GmbH,55,3,0.05454545454545454
"Lee Enterprises, Incorporated",53,0,0.0
Zillion Network Inc.,53,11,0.20754716981132076
Datacamp Limited,53,40,0.7547169811320755
CHINA UNICOM China169 Backbone,52,22,0.4230769230769231
"Cogent Communications, LLC",49,26,0.5306122448979592
Scaleway S.a.s.,48,5,0.10416666666666667
TELEFONICA BRASIL S.A,46,10,0.21739130434782608
"Akamai Technologies, Inc.",46,1,0.021739130434782608
20i Limited,44,18,0.4090909090909091
Contabo GmbH,44,17,0.38636363636363635
Unitas Global,42,36,0.8571428571428571
Cloudie Limited,41,0,0.0
HostPapa,41,16,0.3902439024390244
Mittwald CM Service GmbH & Co. KG,40,1,0.025
Nameshield SAS,40,9,0.225
FranTech Solutions,40,32,0.8
CHANGEIP COM,40,40,1.0
Jsc ru-center,39,7,0.1794871794871795
Cyber_Folks S.A.,39,12,0.3076923076923077
Global Connectivity Solutions Llp,37,36,0.972972972972973
WebSupport s.r.o.,36,20,0.5555555555555556
pair Networks,36,0,0.0
Psychz Networks,36,19,0.5277777777777778
"Newfold Digital, Inc.",36,11,0.3055555555555556
Tiggee LLC,36,8,0.2222222222222222
"A2 Hosting, Inc.",35,11,0.3142857142857143
"Limestone Networks, Inc.",34,29,0.8529411764705882
GANDI SAS,32,14,0.4375
"BUNNYWAY, informacijske storitve d.o.o.",32,21,0.65625
One.com A/S,32,10,0.3125
Bigcommerce Inc.,32,0,0.0
"Interserver, Inc",32,9,0.28125
Krystal Hosting Ltd,32,2,0.0625
"Leaseweb USA, Inc.",32,13,0.40625
"UNIT A17,9F SILVERCORP INTL TOWER 707-713 NATHAN RD",31,4,0.12903225806451613
"NINGBO, ZHEJIANG Province, P.R.China.",31,0,0.0
Chinanet,31,1,0.03225806451612903
IDC Frontier Inc.,30,6,0.2
NForce Entertainment B.V.,30,18,0.6
Yancy Limited,29,11,0.3793103448275862
Orion Network Limited,29,29,1.0
Okay-Telecom Ltd.,29,27,0.9310344827586207
Strato GmbH,28,4,0.14285714285714285
Your Hosting B.V.,28,6,0.21428571428571427
Tilda Publishing Ltd.,28,27,0.9642857142857143
O2switch SAS,28,8,0.2857142857142857
PrivateSystems Networks,28,3,0.10714285714285714
China Unicom Beijing Province Network,27,6,0.2222222222222222
XNNET LLC,27,2,0.07407407407407407
Iomart Cloud Services Limited,26,2,0.07692307692307693
netcup GmbH,25,3,0.12
Enzu Inc,25,2,0.08
FASTNET DATA INC,24,4,0.16666666666666666
Mada Al-Arab General Services Company,24,24,1.0
"IP Pathways, LLC",23,0,0.0
"Webglobe, s.r.o.",23,10,0.43478260869565216
"NTT DOCOMO BUSINESS,Inc.",23,12,0.5217391304347826
Sharktech,23,5,0.21739130434782608
MasterDC s.r.o.,23,7,0.30434782608695654
Serverel Inc.,22,17,0.7727272727272727
Hdtidc Limited,22,22,1.0
dogado GmbH,22,5,0.22727272727272727
DataWeb Global Group B.V.,22,18,0.8181818181818182
"HIVELOCITY, Inc.",22,9,0.4090909090909091
Enflow B.V.,22,2,0.09090909090909091
Optimizely AB,21,0,0.0
SECURED SERVERS LLC,21,12,0.5714285714285714
IBM Cloud,21,9,0.42857142857142855
ACE,21,3,0.14285714285714285
Rostelecom,21,2,0.09523809523809523
GMO GlobalSign Holdings K.K.,21,1,0.047619047619047616
Tcloudnet,21,4,0.19047619047619047
SK Broadband Co Ltd,20,4,0.2
EGIHosting,20,1,0.05
Huawei Cloud Service data center,20,0,0.0
Infomaniak Network SA,20,2,0.1
VIETNAM POSTS AND TELECOMMUNICATIONS GROUP,20,10,0.5
AS48707 OPS PL sp. z o.o.,20,14,0.7
23M GmbH,20,6,0.3
Team Blue Carrier Limited,19,0,0.0
"Aryaka Networks, Inc.",19,19,1.0
Previder B.V.,18,1,0.05555555555555555
HLL LLC,18,2,0.1111111111111111
"CenturyLink Communications, LLC",18,12,0.6666666666666666
Internap Holding LLC,18,6,0.3333333333333333
Render,17,10,0.5882352941176471
JSC RTComm.RU,17,3,0.17647058823529413
PDR,17,10,0.5882352941176471
team.blue Denmark A/S,17,6,0.35294117647058826
Tucows.com Co.,17,5,0.29411764705882354
"Zhejiang Taobao Network Co.,Ltd",16,0,0.0
Verein zur Foerderung eines Deutschen Forschungsnetzes e.V.,16,0,0.0
NetLab Global,16,4,0.25
Green Floid LLC,16,14,0.875
Scalaxy B.V.,16,8,0.5
BIT BV,16,0,0.0
Flexential Colorado Corp.,16,0,0.0
Duocast B.V.,16,0,0.0
Internet-Pro LLC,16,2,0.125
UpCloud Ltd,16,4,0.25
home.pl sp. z o.o.,16,5,0.3125
HT,15,5,0.3333333333333333
"QuickPacket, LLC",15,5,0.3333333333333333
CTG Server Limited,15,9,0.6
M247 Europe SRL,15,7,0.4666666666666667
Amarutu Technology Ltd,15,12,0.8
"TierPoint, LLC",15,8,0.5333333333333333
Yandex.Cloud LLC,15,0,0.0
I-servers Ltd,15,14,0.9333333333333333
Hosting Ukraine LTD,15,3,0.2
Dreamscape Networks Limited,15,13,0.8666666666666667
Register S.p.A.,15,7,0.4666666666666667
SpaceWeb Ltd,15,1,0.06666666666666667
xneelo,14,6,0.42857142857142855
KDDI Web Communications Inc.,14,0,0.0
DEFT.COM,14,7,0.5
DataWagon LLC,14,14,1.0
Eonix Corporation,14,8,0.5714285714285714
Ans Academy Limited,14,1,0.07142857142857142
"NTT PC Communications, Inc.",13,0,0.0
SYNERGY WHOLESALE PTY LTD,13,3,0.23076923076923078
Loopia AB,13,3,0.23076923076923078
Clever Cloud SAS,13,4,0.3076923076923077
Server Plan S.r.l.,13,2,0.15384615384615385
EuroByte LLC,13,1,0.07692307692307693
METANET AG,13,1,0.07692307692307693
LLC VK,13,0,0.0
Aptum Technologies,13,2,0.15384615384615385
Zetta Hosting Solutions LLC.,13,12,0.9230769230769231
SuperHosting.BG Ltd.,13,5,0.38461538461538464
"Ntirety, Inc.",13,2,0.15384615384615385
Hostwinds LLC.,13,4,0.3076923076923077
UCLOUD INFORMATION TECHNOLOGY HK LIMITED,13,9,0.6923076923076923
"Facebook, Inc.",13,6,0.46153846153846156
Iomart Managed Services Limited,13,0,0.0
velia.net Internetdienste GmbH,13,8,0.6153846153846154
Atman Sp. z o.o.,12,6,0.5
Webhost LLC,12,0,0.0
VSHosting s.r.o.,12,2,0.16666666666666666
Noyan Abr Arvan Co. ( Private Joint Stock),12,2,0.16666666666666666
ICDSoft Ltd.,12,1,0.08333333333333333
eStruxture Data Centers Inc.,12,1,0.08333333333333333
Host4Geeks LLC,12,11,0.9166666666666666
National Informatics Centre,12,0,0.0
P.a.g.m. Ou,12,0,0.0
Alexhost Srl,12,7,0.5833333333333334
SURF B.V.,12,6,0.5
"WEDOS Internet, a.s.",12,2,0.16666666666666666
Claranet Limited,12,4,0.3333333333333333
LEASEWEB SINGAPORE PTE. LTD.,12,4,0.3333333333333333
Celeste SAS,11,1,0.09090909090909091
DLX A/S,11,0,0.0
CASABLANCA INT a.s.,11,4,0.36363636363636365
Keyweb AG,11,1,0.09090909090909091
VNPT Corp,11,4,0.36363636363636365
"Vercara, LLC",11,0,0.0
Turk Telekom,11,6,0.5454545454545454
F5 Networks SARL,11,0,0.0
Fornex Hosting S.L.,11,10,0.9090909090909091
MOJOHOST,11,2,0.18181818181818182
Glesys AB,11,4,0.36363636363636365
Hawk Host Inc.,11,4,0.36363636363636365
Jisc Services Limited,11,0,0.0
SMILESERV,11,1,0.09090909090909091
Prolocation B.V.,11,0,0.0
Equinix (EMEA) Acquisition Enterprises B.V.,11,1,0.09090909090909091
Locaweb Servicos de Internet SA,11,3,0.2727272727272727
"Comcast Cable Communications, LLC",11,5,0.45454545454545453
Stichting DIGI NL,11,2,0.18181818181818182
Hostkey B.v.,11,5,0.45454545454545453
DinaHosting S.L.,11,0,0.0
LLC Smart Ape,11,2,0.18181818181818182
Proton66 OOO,10,10,1.0
TrueFullstaq B.V.,10,0,0.0
China Education and Research Network Center,10,0,0.0
Dataspace P.s.a.,10,5,0.5
Leaseweb Deutschland GmbH,10,6,0.6
Colombia Movil,10,10,1.0
Deutsche Telekom AG,10,4,0.4
Dimension Network & Communication Limited,10,2,0.2
Nazwa.pl Sp.z.o.o.,10,7,0.7
GTHost,10,7,0.7
WorldStream B.V.,10,2,0.2
InterNetX GmbH,10,5,0.5
Liberally Network LLC,10,0,0.0
XRUI TECHNOLOGY LIMITED,10,1,0.1
Data Communication Business Group,10,1,0.1
Netsec Limited,10,10,1.0
Republican Unitary Telecommunication Enterprise Beltelecom,10,0,0.0
Citytelecom LLC,10,1,0.1
dhosting.pl Sp. z o.o.,10,5,0.5
Nebula Global LLC,10,2,0.2
LH.pl Sp. z o.o.,9,4,0.4444444444444444
"HostDime.com, Inc.",9,3,0.3333333333333333
ROMARG SRL,9,4,0.4444444444444444
Des Capital B.V.,9,9,1.0
Contabo Inc.,9,4,0.4444444444444444
Zone Media OU,9,1,0.1111111111111111
YISU CLOUD LTD,9,1,0.1111111111111111
NAVER BUSINESS PLATFORM ASIA PACIFIC PTE. LTD.,9,0,0.0
PlanetHoster,9,4,0.4444444444444444
JSC Publishing House Komsomolskaya Pravda,9,0,0.0
Naukowa I Akademicka Siec Komputerowa - Panstwowy Instytut Badawczy,9,1,0.1111111111111111
SonderCloud Limited,9,5,0.5555555555555556
Telehouse EAD,9,5,0.5555555555555556
Blacknight Internet Solutions Limited,9,0,0.0
ARTERIA Networks Corporation,9,5,0.5555555555555556
Antbox Networks Limited,9,8,0.8888888888888888
HUAWEI CLOUDS,9,5,0.5555555555555556
"Timeweb, LLP",9,7,0.7777777777777778
Aire Networks Del Mediterraneo Sl Unipersonal,9,7,0.7777777777777778
"CYBERCON, INC.",9,0,0.0
Renater,9,0,0.0
HZ Hosting Ltd,9,9,1.0
TIM,8,0,0.0
Groupe LWS SARL,8,6,0.75
"INTERNET CZ, a.s.",8,5,0.625
Charter Communications Inc,8,0,0.0
Alibaba Cloud Singapore Private Limited,8,8,1.0
Leaseweb Canada Inc.,8,1,0.125
Private Layer INC,8,6,0.75
HopOne Internet Corporation,8,0,0.0
First Server Limited,8,5,0.625
CT-HangZhou-IDC,8,3,0.375
Mythic Beasts Ltd,8,0,0.0
Contabo Asia Private Limited,8,6,0.75
IT7 Networks Inc,8,8,1.0
Telmex Colombia S.A.,8,6,0.75
LiquidNet US LLC,8,5,0.625
Hostland LTD,8,4,0.5
VH Global Limited,8,0,0.0
Beyond.pl sp. z o.o.,8,2,0.25
NorthC Deutschland GmbH,8,0,0.0
"Handy Networks, LLC",8,0,0.0
Cizgi Telekomunikasyon Anonim Sirketi,8,6,0.75
CS LOXINFO Public Company Limited.,8,1,0.125
The Kroger Co.,8,0,0.0
GloboTech Communications,8,3,0.375
Virtual Systems LLC,8,5,0.625
VNET a.s.,8,2,0.25
cyon AG,8,0,0.0
WIIT AG,8,1,0.125
"AT&T Enterprises, LLC",8,1,0.125
NAVER Cloud Corp.,8,0,0.0
PlusServer GmbH,8,0,0.0
Overcasts Limited,8,0,0.0
Angelnet Limited,8,7,0.875
Level 27 BVBA,8,0,0.0
IQWeb FZ-LLC,8,7,0.875
COLT Technology Services Group Limited,8,2,0.25
"acens Technologies, S.L.",8,1,0.125
BL Networks,7,6,0.8571428571428571
B2 Net Solutions Inc.,7,2,0.2857142857142857
LLC astra Cloud,7,0,0.0
Netinternet Bilisim Teknolojileri AS,7,3,0.42857142857142855
UK Dedicated Servers Limited,7,3,0.42857142857142855
Infrastructure Switzerland Colo Sarl,7,7,1.0
Webhosting Holdings LLC,7,3,0.42857142857142855
"Ultahost, Inc.",7,5,0.7142857142857143
Rackforest Zrt.,7,1,0.14285714285714285
"Databank Holdings, Ltd",7,0,0.0
"GitHub, Inc.",7,0,0.0
Raiola Networks S.L.,7,0,0.0
Tele2 SWIPnet,7,1,0.14285714285714285
CHINANET SiChuan Telecom Internet Data Center,7,1,0.14285714285714285
MULTACOM CORPORATION,7,3,0.42857142857142855
"IDC, China Telecommunications Corporation",7,2,0.2857142857142857
NIXVAL,7,1,0.14285714285714285
Chongqing Telecom,7,0,0.0
Heart Internet limited,7,0,0.0
Vodafone GmbH,7,2,0.2857142857142857
Safenames Ltd.,7,2,0.2857142857142857
KDDI CORPORATION,7,1,0.14285714285714285
Internet Initiative Japan Inc.,7,0,0.0
Fastweb,7,2,0.2857142857142857
"ACTIVE 24, s.r.o.",7,0,0.0
Verizon Business,7,3,0.42857142857142855
RETN Limited,7,7,1.0
BigScoots,7,1,0.14285714285714285
ODERLAND Webbhotell AB,7,1,0.14285714285714285
Fastmail Pty Ltd,7,2,0.2857142857142857
BELNET,7,0,0.0
UAB Interneto vizija,7,1,0.14285714285714285
34SP.com Limited,7,0,0.0
Octopuce s.a.r.l.,7,0,0.0
Fink Telecom Services GmbH,7,7,1.0
"Hong Kong Zhengxing Technology Co., Ltd.",6,1,0.16666666666666666
Telekom Austria,6,0,0.0
Servitro Ltd,6,0,0.0
Societe Francaise Du Radiotelephone - SFR SA,6,1,0.16666666666666666
AdminVPS OOO,6,0,0.0
Krypt Technologies,6,2,0.3333333333333333
Snel.com B.V.,6,5,0.8333333333333334
Servicepipe LLC,6,1,0.16666666666666666
3W Infra B.V.,6,2,0.3333333333333333
Internet Names For Business Inc.,6,1,0.16666666666666666
Zomro B.V.,6,2,0.3333333333333333
"Taiwan Fixed Network, Telco and Network Service Provider.",6,1,0.16666666666666666
Freethought Internet Limited,6,1,0.16666666666666666
PS Internet Company LLP,6,0,0.0
Ielo-liazo Services SAS,6,6,1.0
"Host Collective, Inc.",6,1,0.16666666666666666
SUPERDATA,6,2,0.3333333333333333
Netsons s.r.l.,6,2,0.3333333333333333
"Yuan-Jhen Info., Co., Ltd",6,1,0.16666666666666666
PVimpelCom,6,1,0.16666666666666666
Future Publishing Ltd,6,0,0.0
IQ PL Sp. z o.o.,6,2,0.3333333333333333
"Beijing Baidu Netcom Science and Technology Co., Ltd.",6,3,0.5
Telefonica De Espana S.a.u.,6,1,0.16666666666666666
OOO VPS,6,1,0.16666666666666666
Rambler Internet Holding LLC,6,0,0.0
Voxility LLP,6,2,0.3333333333333333
"10dencehispahard, S.L.",6,0,0.0
Tieteen tietotekniikan keskus Oy,6,4,0.6666666666666666
Host-Africa-AS2,6,5,0.8333333333333334
CJ2 Hosting B.V.,6,1,0.16666666666666666
"Hong Kong Communications International Co., Limited",6,4,0.6666666666666666
Mfi Investments Limited,6,6,1.0
"Forewin Telecom Group Limited, ISP at",6,0,0.0
Colorado State University,6,0,0.0
"Reflected Networks, Inc.",6,0,0.0
"Dominios, S.A.",5,1,0.2
Awareness Software Limited,5,1,0.2
"Admin on Demand, LLC",5,0,0.0
1337 Services GmbH,5,5,1.0
genesys informatica srl,5,2,0.4
WorkTitans B.V.,5,5,1.0
Silverhill Group Holding Ltd,5,5,1.0
"The Producers, Inc.",5,0,0.0
Serbia BroadBand-Srpske Kablovske mreze d.o.o.,5,3,0.6
Meteverse Limited.,5,2,0.4
Sentia Denmark A/S,5,1,0.2
Public Cloud Ltd.,5,0,0.0
LLP Kompaniya Hoster.KZ,5,0,0.0
ab stract ltd,5,4,0.8
Code For Host Inc Ltd,5,5,1.0
Hoasted B.V.,5,0,0.0
Adman LLC,5,1,0.2
"GridFury, LLC",5,1,0.2
FlokiNET ehf,5,3,0.6
AZDIGI Corporation,5,2,0.4
Redpill Linpro AS,5,0,0.0
Rackspace Ltd.,5,0,0.0
Webair Internet Development Company Inc.,5,4,0.8
VNG Corporation,5,0,0.0
CNServer LLC,5,5,1.0
West263 International Limited,5,0,0.0
"Axarnet Comunicaciones, S.l.",5,1,0.2
"Sampling Line-servicos E Internet, Lda",5,3,0.6
webgo GmbH,5,1,0.2
BROADBANDIDC,5,0,0.0
JSC Mediasoft ekspert,5,0,0.0
Servergarden Kft.,5,0,0.0
noris network AG,5,0,0.0
Plus Hosting Grupa d.o.o.,5,1,0.2
united-domains GmbH,5,0,0.0
Hostpoint AG,5,0,0.0
Turnkey Internet Inc.,5,0,0.0
Orange,5,2,0.4
"DigiRock, Inc.",5,0,0.0
"Atlantic.net, Inc.",5,2,0.4
JPMorgan Chase & Co.,5,0,0.0
Plus.line AG,5,0,0.0
Enix Ltd,5,3,0.6
MTS PJSC,5,1,0.2
Hostopia Australia Web Pty Ltd,5,2,0.4
Vodafone-panafon Hellenic Telecommunications Company SA,5,0,0.0
FUJITSU LIMITED,5,0,0.0
"282, Sector 19",5,1,0.2
"HONG KONG LIGHTLAYER TECHNOLOGY CO., LIMITED",5,4,0.8
Squiz Pty Ltd,5,0,0.0
UNE EPM TELECOMUNICACIONES S.A.,5,5,1.0
"SWITCH, LTD",5,0,0.0
Bell Canada,5,2,0.4
Podaon SIA,5,3,0.6
Magyar Telekom Plc.,5,1,0.2
"Level 3 Parent, LLC",5,1,0.2
uPress Inc,5,1,0.2
Almouroltec Servicos De Informatica E Internet Lda,5,3,0.6
"Cloud Hosting Solutions, Limited.",5,5,1.0
velia.net,4,1,0.25
"Nos Comunicacoes, S.A.",4,0,0.0
Ford Motor Company,4,0,0.0
Otsuka Corp.,4,0,0.0
TheHost LLC,4,2,0.5
CyberCloud Professionals LLC,4,0,0.0
Thg Hosting Limited,4,1,0.25
SiteVision AB,4,0,0.0
JOYO TECHNOLOGY PTE. LTD.,4,0,0.0
AS Number for CHINANET jiangsu province backbone,4,1,0.25
GlobalConnect AB,4,0,0.0
Bremen Briteline GmbH,4,0,0.0
"HostRocket.com, Inc.",4,0,0.0
Global-Data System IT Corporation,4,4,1.0
Exa Bytes Network Sdn.Bhd.,4,2,0.5
Telecom Argentina S.A.,4,3,0.75
IT WEB LTD,4,4,1.0
Outscale SASU,4,0,0.0
Tianfeng (Hong Kong) Communications Limited,4,0,0.0
NETWORK TRANSIT HOLDINGS LLC,4,2,0.5
AFRIHOST-SP,4,2,0.5
Consortium GARR,4,0,0.0
Federal State Unitary Enterprise Rossiya Segodnya International Information Agency,4,0,0.0
Meric Internet Teknolojileri A.S.,4,0,0.0
General Motors LLC,4,0,0.0
NETWAYS GmbH,4,0,0.0
Shinjiru Technology Sdn Bhd,4,1,0.25
SOPRADO GmbH,4,0,0.0
"Name Hero, LLC",4,0,0.0
"China Mobile Communications Group Co., Ltd.",4,0,0.0
Optimus IT d.o.o.,4,1,0.25
TeraSwitch Networks Inc.,4,1,0.25
LWSA SA,4,2,0.5
DIAMATRIX,4,2,0.5
Cyber_Folks SRL,4,1,0.25
MEDIACENTER HUNGARY INFORMATIKAI SZOLGALTATO ES UZEMELTETO kft,4,0,0.0
Datacenter Luxembourg S.A.,4,0,0.0
OTEnet S.A.,4,0,0.0
BEDGE CO LIMITED,4,0,0.0
UNINET,4,1,0.25
Uniserver Internet B.V.,4,0,0.0
Webzilla B.V.,4,4,1.0
Global Layer B.V.,4,2,0.5
Storm Networks LLC,4,0,0.0
Aeza International Ltd,4,4,1.0
DFW Datacenter,4,2,0.5
Hosting Ltd,4,0,0.0
SH.cz s.r.o.,4,0,0.0
terralink networks GmbH,4,0,0.0
Proximus NV,4,0,0.0
Asac Comunicaciones S.L.,4,0,0.0
Baxet Group Inc.,4,3,0.75
Bahnhof AB,4,0,0.0
Team Blue Internet Services Uk Limited,4,2,0.5
Viettel Group,4,0,0.0
Input Output Flood LLC,4,2,0.5
"BroadbandONE, LLC",4,2,0.5
"Skycloud Computing co., Ltd.",4,4,1.0
National Academic Network and Information Center,4,0,0.0
National Internet Backbone,4,0,0.0
GigeNET,4,1,0.25
Euskaltel S.A.,4,0,0.0
Global Custom Data Limited,4,4,1.0
Servicos De Comunicacoes E Multimedia S.A.,4,2,0.5
China Networks Inter-Exchange,4,0,0.0
The Infrastructure Group B.V.,4,3,0.75
EVEO S.A.,4,1,0.25
"Internet Invest, Ltd.",4,0,0.0
"AZURE TECHNOLOGY CO., LIMITED",4,0,0.0
SoftBank Corp.,4,1,0.25
Node4 Limited,4,1,0.25
Comtrade System Integration doo Belgrade Serbia,4,0,0.0
British Telecommunications PLC,4,0,0.0
LLC Baxet,4,1,0.25
Dromatics Systems Pte Ltd,4,0,0.0
Host Universal Pty Ltd,4,1,0.25
Alwaysdata Sarl,4,0,0.0
Internet Vikings International AB,4,0,0.0
JSC ER-Telecom Holding,4,1,0.25
E-Large HongKong,4,4,1.0
ValorC3 Data Centers,4,0,0.0
KAGOYA JAPAN Inc.,4,0,0.0
NhanHoa Software company,4,2,0.5
Play2go International Limited,4,4,1.0
LINKED STORE BRASIL CRIACAO E DESENVOL DE SOFTWARE,4,2,0.5
IP-Projects GmbH & Co. KG,4,0,0.0
Garant-Park-Internet LLC,4,4,1.0
IT Now S.A.,4,0,0.0
Free SAS,3,3,1.0
Ids & Unitelm Srl,3,0,0.0
Shenzhen Dianjiang Technology Co Ltd,3,3,1.0
SEEWEB s.r.l.,3,1,0.3333333333333333
Institute for Research in Fundamental Sciences,3,1,0.3333333333333333
Next Layer Telekommunikationsdienstleistungs- und Beratungs GmbH,3,1,0.3333333333333333
"Verasel, Inc.",3,3,1.0
NILSAT Ltd.,3,3,1.0
ML Consultancy,3,0,0.0
Hosting.de GmbH,3,2,0.6666666666666666
BitCommand LLC,3,1,0.3333333333333333
Orange Business Services SA,3,0,0.0
Orange Polska Spolka Akcyjna,3,0,0.0
"SWAN, a.s.",3,0,0.0
PT Qwords Company International,3,0,0.0
Telia Company AB,3,1,0.3333333333333333
Nine Internet Solutions AG,3,0,0.0
4B Digital Ltda,3,0,0.0
Datacampus SAS,3,0,0.0
Globalconnect As,3,0,0.0
RouterHosting LLC,3,3,1.0
SITS Deutschland GmbH,3,0,0.0
Telecom Algeria,3,3,1.0
CHINANET Guangdong province network,3,0,0.0
Wholesale Services Provider,3,0,0.0
DAOU TECHNOLOGY,3,2,0.6666666666666666
Shock Hosting LLC,3,0,0.0
"Frontier Communications of America, Inc.",3,2,0.6666666666666666
Artfiles New Media GmbH,3,0,0.0
Retelit Digital Services S.p.A.,3,0,0.0
Telecommunications And Digital Government Regulatory Authority,3,0,0.0
"Latisys-Irvine, LLC",3,0,0.0
Delta HighTech Ltd.,3,0,0.0
Nessus GmbH,3,0,0.0
Virgin Media,3,1,0.3333333333333333
EDIS GmbH,3,3,1.0
Greenhost BV,3,0,0.0
Datalogika Ltd.,3,0,0.0
JSC Kazakhtelecom,3,1,0.3333333333333333
O.m.c. Computers & Communications Ltd,3,1,0.3333333333333333
EBOUNDHOST.com,3,0,0.0
Neocities,3,2,0.6666666666666666
Universo Online S.A.,3,2,0.6666666666666666
Cyso Group B.V.,3,0,0.0
Azion Technologies Ltda.,3,0,0.0
Webzilla Inc.,3,0,0.0
Web4U s.r.o.,3,2,0.6666666666666666
ECS Rockenschaub GmbH,3,0,0.0
"Fly.io, Inc.",3,0,0.0
UpCloud USA Inc,3,3,1.0
Partner Hosting LTD,3,2,0.6666666666666666
OmniSync Networks,3,0,0.0
ITSOFT LLC,3,0,0.0
EXEA Sp. z o.o.,3,1,0.3333333333333333
1&1 Versatel GmbH,3,0,0.0
Scala Hosting LLC,3,1,0.3333333333333333
Bradler & Krantz GmbH & Co. KG,3,0,0.0
"Hubei Feixun Network Co., Ltd",3,0,0.0
Edgenext Legend Dynasty Pte. Ltd.,3,0,0.0
Hostnet B.V.,3,0,0.0
Net Gate Telecom S.R.L.,3,3,1.0
CrocWeb,3,0,0.0
"NetActuate, Inc",3,1,0.3333333333333333
Keliweb S.R.L,3,1,0.3333333333333333
ITZBund,3,0,0.0
Canonical Group Limited,3,0,0.0
Psb Hosting Ltd,3,2,0.6666666666666666
"Montana Sky Networks, Inc.",3,0,0.0
Data Storage Center JSC,3,0,0.0
uvensys GmbH,3,0,0.0
CW Vodafone Group PLC,3,0,0.0
Binero AB,3,0,0.0
Serverius Holding B.V.,3,1,0.3333333333333333
manitu GmbH,3,0,0.0
ZONER a.s.,3,0,0.0
Soluciones web on line s.l.,3,1,0.3333333333333333
Expedient,3,1,0.3333333333333333
Yelles AB,3,2,0.6666666666666666
CHT Compamy Ltd,3,0,0.0
Wind Tre S.p.A.,3,1,0.3333333333333333
"CloudAccess.net, LLC",3,0,0.0
i3D.net B.V,3,2,0.6666666666666666
"Empresa de Telecomunicaciones de Cuba, S.A.",3,0,0.0
RECONN LLC,3,0,0.0
"WholeSale Internet, Inc.",3,1,0.3333333333333333
KIFU (Governmental Info Tech Development Agency),3,0,0.0
interneX GmbH,3,0,0.0
"Netzero,INC.",3,0,0.0
ReliableSite.Net LLC,3,2,0.6666666666666666
HITME.PL,3,0,0.0
HK AISI CLOUD COMPUTING LIMITED,3,3,1.0
OOO Sovremennye setevye tekhnologii,3,0,0.0
"123.Net, Inc.",3,0,0.0
Nova Telecommunications & Media Single Member S.A,3,1,0.3333333333333333
ACONET,3,0,0.0
SpaceDump IT AB,3,0,0.0
Netafraz Iranian Ltd.,3,0,0.0
Sindad Network Technology PJSC,3,1,0.3333333333333333
NTT Global Data Centers EMEA UK Ltd.,3,0,0.0
PE Freehost,3,0,0.0
Metaregistrar B.V.,3,1,0.3333333333333333
BlackBerry Limited,3,0,0.0
Clodo Cloud Service Co. L.L.C,3,2,0.6666666666666666
"Nocix, LLC",3,2,0.6666666666666666
DLITS,3,3,1.0
GTS Telecom SRL,3,1,0.3333333333333333
Host SpA,3,0,0.0
KPN B.V.,3,1,0.3333333333333333
CHINANET Yunnan province IDC1 network,3,0,0.0
"WENZHOU, ZHEJIANG Province, P.R.China.",3,0,0.0
LEASEWEB HONG KONG LIMITED,3,0,0.0
GlobalConnect A/S,3,0,0.0
Wirtualna Polska Media S.A.,3,0,0.0
Play,3,1,0.3333333333333333
NUT HOST SRL,3,2,0.6666666666666666
Performive LLC,3,2,0.6666666666666666
Iguane Solutions SAS,3,2,0.6666666666666666
Trans-iX B.V.,3,0,0.0
TNG Stadtnetz GmbH,3,0,0.0
eww ag,3,0,0.0
Radware Ltd,3,0,0.0
"1515 ROUNDTABLE DR PROPERTY, LLC",3,0,0.0
Planeetta Internet Oy,3,0,0.0
Ideal Hosting Teknoloji A.S.,3,1,0.3333333333333333
UAB Host Baltic,3,2,0.6666666666666666
OrangeHost,3,2,0.6666666666666666
TE Data,3,1,0.3333333333333333
LLC Orange Business Services,3,0,0.0
Bird Hosting Inc.,3,0,0.0
Compuweb Communications Services Limited,3,1,0.3333333333333333
NetOne Rus JSC,3,3,1.0
Mizban Dadeh Pardis .Ltd,3,3,1.0
Leaseweb UK Limited,3,1,0.3333333333333333
"BroadBand Tower, Inc.",3,0,0.0
PE Skurykhin Mukola Volodumurovuch,3,2,0.6666666666666666
"WorldLinx Telecommunications, Inc.",2,0,0.0
"FiberState, LLC",2,0,0.0
Alaan-for-Communications-and-Information,2,2,1.0
MilesWeb Internet Services Pvt Ltd,2,2,1.0
HKBN Enterprise Solutions HK Limited,2,1,0.5
Petersburg Internet Network ltd.,2,2,1.0
Serviciul de Telecomunicatii Speciale,2,0,0.0
"Notion Labs, Inc.",2,0,0.0
"Webtasy, d.o.o.",2,0,0.0
TierraNet Inc.,2,0,0.0
Domeneshop AS,2,2,1.0
SamsungSDS Inc.,2,0,0.0
T-Systems International GmbH,2,0,0.0
Paradigm,2,0,0.0
American Express Company,2,0,0.0
Synextra Limited,2,1,0.5
TURKTICARET.NET YAZILIM HIZMETLERI SAN. ve TIC. A.S.,2,1,0.5
civillent GmbH,2,0,0.0
CIGNA,2,2,1.0
Utah Education Network,2,0,0.0
IT.Gate S.p.A.,2,0,0.0
"Kamatera, Inc.",2,1,0.5
Layer7 Networks GmbH,2,2,1.0
Spartan Host Ltd,2,0,0.0
OSSO B.V.,2,0,0.0
453 Ladplacout Jorakhaebua,2,0,0.0
Advania Island ehf,2,0,0.0
CommuniLink Internet Limited.,2,1,0.5
Seclan Oy,2,0,0.0
EdgeCenter LLC,2,0,0.0
Unmanaged Ltd,2,0,0.0
Accenture B. V.,2,0,0.0
Hostserver GmbH,2,0,0.0
Bouygues Telecom SA,2,1,0.5
Mediactive SAS,2,1,0.5
Host-Africa-AS,2,2,1.0
"WoodyNet, Inc.",2,0,0.0
AbitcoolChina Inc.,2,0,0.0
Cogeco Connexion inc,2,0,0.0
CSL Computer Service Langenbach GmbH,2,0,0.0
Idigital Internet Inc.,2,1,0.5
Euro-Information-Europeenne de Traitement de l'Information SAS,2,0,0.0
NEEN S.p.A,2,0,0.0
"ACENET, INC.",2,1,0.5
Good Domain Registry Private Limited,2,1,0.5
United Internet Ltd.,2,0,0.0
CV. Rumahweb Indonesia,2,0,0.0
Epik LLC,2,2,1.0
Sub 6 Limited,2,0,0.0
Nordisk Media Utveckling AB,2,0,0.0
Tetaneutral.net Association declaree,2,0,0.0
dnx network sarl,2,0,0.0
"Nexeon Technologies, Inc.",2,2,1.0
City and County of Honolulu,2,0,0.0
PT. Beon Intermedia,2,1,0.5
Cablevision Systems Corp.,2,1,0.5
"Nicalia Internet, S.L.U",2,0,0.0
FPT Telecom Company,2,1,0.5
Herbst Datentechnik GmbH,2,0,0.0
Individual Network Berlin (IN-Berlin) e.V.,2,0,0.0
ISPIXP IN CAMBODIA WITH THE BEST VERVICE IN THERE.,2,1,0.5
"Majestic Hosting Solutions, LLC",2,2,1.0
Star Network and Promotion LTD,2,2,1.0
Infrapod,2,0,0.0
Itm8 A/S,2,0,0.0
Magticom Ltd.,2,1,0.5
Fastrack Technology,2,2,1.0
Droptop GmbH,2,0,0.0
"Quantcom, a.s.",2,1,0.5
ManagedWay,2,0,0.0
University of Maryland,2,0,0.0
Cloudsigma Ag,2,1,0.5
"Telia Lietuva, AB",2,2,1.0
24sata doo,2,0,0.0
Telenor Sverige AB,2,1,0.5
Evolix SARL,2,0,0.0
web-crossing GmbH,2,0,0.0
"UnReal Servers, LLC",2,2,1.0
Iron Hosting Centre LTD,2,0,0.0
NTT-DATA-Inc,2,0,0.0
Pakistan Telecommunication Company Limited,2,0,0.0
"PERN AS Content Servie Provider, Islamabad, Pakistan",2,0,0.0
Information und Technik Nordrhein-Westfalen,2,0,0.0
Aktivnie Tehnologii LLC,2,0,0.0
Vetenskapsradet / SUNET,2,0,0.0
Vodafone Romania S.A.,2,0,0.0
Aktsiaselts WaveCom,2,1,0.5
Tier.Net Technologies LLC,2,0,0.0
Styria IT Solutions d.o.o.,2,0,0.0
Hilton Worldwide Holdings Inc,2,0,0.0
webhoster.de AG,2,1,0.5
Internet Names for Business Inc,2,0,0.0
"Omnis Network, LLC",2,2,1.0
"TekSavvy Solutions, Inc.",2,1,0.5
"HostHatch, LLC",2,1,0.5
ODS Joint Stock Company,2,2,1.0
Asociacion Red Universitaria de Alta Velocidad del Valle del Cauca,2,0,0.0
Tecnologias de Informacao S.A.,2,0,0.0
CRATIS d.o.o.,2,0,0.0
CAJA DE COMPENSACION DE ASIGNACION FAMILIAR LOS HEROES,2,0,0.0
iiNet Limited,2,0,0.0
hostNET Medien GmbH,2,0,0.0
Arelion Sweden AB,2,1,0.5
QuickSoft LLC,2,0,0.0
Lanit Technology and Communication Joint Stock Company,2,0,0.0
"Fundacao para a Ciencia e a Tecnologia, I.P.",2,0,0.0
Free Pro SAS,2,0,0.0
"Bigleaf Networks, Inc.",2,0,0.0
1984 ehf,2,0,0.0
EMPRESA NACIONAL DE TRANSMISION ELECTRICA ENATREL,2,0,0.0
Micron21 Datacentre Pty Ltd,2,0,0.0
Ip Server LLC,2,0,0.0
MK Netzdienste GmbH & Co. KG,2,1,0.5
arcos informationssysteme GmbH,2,0,0.0
KEVAG Telekom GmbH,2,0,0.0
Smith Bucklin & Associates Inc,2,0,0.0
LY Corporation,2,0,0.0
"Vodafone Ono, S.A.",2,0,0.0
Comnica Kft.,2,0,0.0
Colombia,2,1,0.5
Hrvatski Telekom d.d.,2,0,0.0
Cloud Host Pte Ltd,2,2,1.0
NordNet SA,2,1,0.5
EASY LINK LLC,2,2,1.0
LLC Digital Network,2,0,0.0
Harbers ASP B.V.,2,0,0.0
gridscale GmbH,2,0,0.0
EWE-Tel GmbH,2,1,0.5
Rackhosting.com ApS,2,0,0.0
Technische Universitat Wien,2,0,0.0
ICONZ Ltd,2,0,0.0
"Unit D,E,F,G 28th Floor",2,2,1.0
NEW DHAKA HARDWARE,2,2,1.0
HostBet Cloud Technologies Private Limited,2,2,1.0
"Alestra, S. de R.L. de C.V.",2,0,0.0
"Sambreel Services, LLC",2,2,1.0
"Total Uptime Technologies, LLC",2,0,0.0
weber.digital GmbH,2,0,0.0
Rogers Communications Canada Inc.,2,0,0.0
SIA VEESP,2,2,1.0
Superonline Iletisim Hizmetleri A.S.,2,1,0.5
comtrance service GmbH,2,0,0.0
"PCCW Global, Inc.",2,0,0.0
PacketHub S.A.,2,2,1.0
Odido Netherlands B.V.,2,0,0.0
Comfortel Ltd.,2,0,0.0
Miran Ltd.,2,0,0.0
Openbusiness S.A.,2,0,0.0
PJSC MegaFon,2,0,0.0
Webhuset AS,2,0,0.0
DC STAR nv,2,0,0.0
Comvive Servidores S.L.,2,0,0.0
FSKNET-DK Forskningsnettet - Danish network for Research and Education,2,0,0.0
NTT COMMUNICATIONS INDIA NETWORK SERVICES PRIVATE LIMITED,2,0,0.0
Sonic Telecom LLC,2,0,0.0
Georg Kroeber,2,0,0.0
PremierDC Veri Merkezi Anonim Sirketi,2,2,1.0
Rendszerinformatika Zrt.,2,0,0.0
Zayo Bandwidth,2,0,0.0
Dade Pardazi Mobinhost Co LTD,2,0,0.0
Kakao Corp,2,0,0.0
Telefonica Tech Uk Managed Services Ltd,2,0,0.0
H4Y Technologies LLC,2,0,0.0
LARUS Limited,2,1,0.5
Atlas Communications (NI) Ltd,2,0,0.0
Cloudlinks Technologies Pvt Ltd,2,2,1.0
"Informacines sistemos ir technologijos, UAB",2,2,1.0
North American Division of Seventh-day Adventists,2,0,0.0
EVANZO e-commerce GmbH,2,1,0.5
Cyllene Its SAS,2,0,0.0
Viridio,2,0,0.0
"UTILITY TELEPHONE, INC.",2,0,0.0
Key-Systems GmbH,2,1,0.5
Seonet Multimedia s.r.o.,2,1,0.5
Redcentric Solutions Ltd,2,0,0.0
Freedom Internet BV,2,1,0.5
Sony Network Communications Inc.,2,0,0.0
"Charter Communications, Inc",2,1,0.5
Leibniz-Rechenzentrum,2,0,0.0
Bayerische Motoren Werke Aktiengesellschaft,2,0,0.0
Distributed Network Solutions LLC,2,2,1.0
Tomattos Technologies Ltd.,2,2,1.0
Massachusetts Institute of Technology,2,0,0.0
Race Online Limited,2,1,0.5
InterNetworX Management GmbH,2,1,0.5
Probe Networks,2,0,0.0
"Taiwan Mobile Co., Ltd.",2,0,0.0
Foundation of Research and Technology Hellas,2,0,0.0
"Cologix, Inc",2,0,0.0
Cloud4com s.r.o.,2,0,0.0
Hanoi Commercial Joint Stock Bank,2,0,0.0
HOSTING.,2,1,0.5
Megaspace Internet Services GmbH,2,0,0.0
CESNET z.s.p.o.,2,0,0.0
Kaspersky Lab Switzerland GmbH,2,2,1.0
Tiger Technologies LLC,2,0,0.0
Enet Communications LIMITED,2,1,0.5
PT JC Indonesia,2,2,1.0
Tebyan-e-Noor Cultural-Artistic Institute,2,0,0.0
Emp Secure As,2,2,1.0
Panix,2,0,0.0
Moviement srl,2,0,0.0
Ooredoo Q.S.C.,2,0,0.0
Detecon Al Saudia Co. Ltd.,2,0,0.0
5G NETWORK OPERATIONS PTY LTD,2,0,0.0
Cloudi Nextgen Sl,2,0,0.0
VegaSystems GmbH & Co. KG,2,0,0.0
Spanish Fork City,2,1,0.5
National Infocommunications Service Company Limited by Shares,2,0,0.0
"T-2, d.o.o.",2,0,0.0
ON-LINE Ltd,2,0,0.0
SAP SE,2,0,0.0
SpaceNet AG,2,0,0.0
Social Security Administration,2,0,0.0
"Abansys & Hostytec, S.L.",2,0,0.0
Rackhost Zrt.,2,0,0.0
NITC: IT Agency of Government of Nepal,2,0,0.0
Tarhely.Eu Szolgaltato Kft.,2,0,0.0
ASJ INC.,2,0,0.0
Allegro Retail a.s.,2,0,0.0
YooMoney NBCO LLC,2,0,0.0
"CoreSpace, Inc.",2,0,0.0
TalkTalk,2,0,0.0
Dattatec.com,2,1,0.5
Apple Inc.,2,0,0.0
Variti+ LLC,2,1,0.5
University of North Carolina at Chapel Hill,2,0,0.0
Semplify Srl,2,0,0.0
SiteHost New Zealand,2,0,0.0
GNET Internet Telekomunikasyon A.S.,2,0,0.0
"Oso Grande IP Services, LLC",2,1,0.5
Hosting Dunyam Bilisim Teknolojileri Ticaret Limited Sirketi,2,1,0.5
The Federal Guard Service of the Russian Federation,2,0,0.0
"Comercio e Prestacao de Servicos Informaticos, Lda",2,2,1.0
Six Degrees Technology Group Limited,2,0,0.0
Entain Services Austria GmbH,2,0,0.0
Breezeline,2,2,1.0
ARNES,2,0,0.0
"MAFRA, a.s.",2,0,0.0
Eurofiber France SAS,2,0,0.0
Hong Kong Broadband Network Ltd.,2,0,0.0
Kualo Limited,2,0,0.0
"Q2 Software, Inc.",2,0,0.0
"O2 Czech Republic, a.s.",2,0,0.0
Advanced Solutions LLC,2,0,0.0
Intermax Group B.V.,2,0,0.0
Applied Innovations Corporation,2,0,0.0
Mammoth Media Pty Ltd,2,1,0.5
Instytut Meteorologii i Gospodarki Wodnej - Panstwowy Instytut Badawczy,2,0,0.0
Administracion Nacional de Telecomunicaciones,2,0,0.0
"Future Spirits Co.,Ltd.",2,0,0.0
Netwerkvereniging Coloclue,2,0,0.0
China Mobile communications corporation,2,0,0.0
htp GmbH,2,0,0.0
China Telecom,2,0,0.0
Invitech ICT Services Kft.,2,0,0.0
V tal,2,2,1.0
MT-MPLS,2,2,1.0
"Siamdata Communication Co.,Ltd.",2,0,0.0
EveryWare AG,2,0,0.0
dataforest GmbH,2,0,0.0
"Miva Merchant, Inc.",2,0,0.0
ICM Netsystems 2005 SL,2,0,0.0
Information Technology and Cyber Security Service,2,0,0.0
ARCTUR d.o.o.,2,0,0.0
Miss Hosting AB,2,1,0.5
CCM Benchmark Group SAS,2,0,0.0
NASN Licensing Inc.,2,0,0.0
Belcloud LTD,2,1,0.5
POPIDC powered by CSLoxinfo,2,0,0.0
NOAVARAN SHABAKEH SABZ MEHREGAN (Ltd.),2,1,0.5
Croatian Academic and Research Network,2,0,0.0
Hosterion Srl,2,0,0.0
Proximus Luxembourg S.A.,2,2,1.0
RAITEC GmbH,2,0,0.0
Hostway IDC,2,0,0.0
Diahosting Limited,2,2,1.0
GLOBALTELEHOST Corp.,2,0,0.0
Zerospace Cloud,2,2,1.0
Deutsche Telekom MMS GmbH,2,0,0.0
Optitrust GmbH,2,0,0.0
globacom-as,2,1,0.5
Xidras GmbH,2,0,0.0
Tilaa B.V.,2,0,0.0
"Monster Worldwide, Inc.",2,0,0.0
Infopact Netwerkdiensten B.V.,2,0,0.0
DNS:NET Internet Service GmbH,2,0,0.0
WNET TELECOM USA Corp.,2,0,0.0
LightEdge Solutions,2,0,0.0
TELEKOM SRBIJA a.d.,2,1,0.5
Hyve Ltd,2,0,0.0
CEDIA,2,0,0.0
Windstream Communications LLC,2,1,0.5
Akenes SA,2,0,0.0
Iway AG,2,0,0.0
Ecritel SASU,2,0,0.0
HGC Global Communications Limited,2,1,0.5
Dstny BE N.V.,2,0,0.0
GreenEdge B.V.,2,0,0.0
SzerverPlex.hu KFT.,2,1,0.5
"CONVERGEONE HOLDINGS, INC.",2,1,0.5
Parsun Network Solutions PTY LTD,2,2,1.0
"DataChambers, LLC",2,1,0.5
INSYS LLC,2,0,0.0
Vivio Technologies,2,0,0.0
Zylon,2,0,0.0
kyberio GmbH,2,0,0.0
DIMENOC SERVICOS DE INFORMATICA LTDA,2,2,1.0
HKN GmbH,2,0,0.0
Fujitsu Invia Finland IP-network,2,0,0.0
Cork Internet Exchange Limited,2,0,0.0
Agentia de Administrare a Retelei Nationale de Informatica pentru Educatie si Cercetare,2,0,0.0
Asseco Cloud Sp. z o. o.,2,0,0.0
Nucleo S.A.,2,0,0.0
G-Core Labs S.A.,2,2,1.0
CBS Interactive Inc.,2,0,0.0
MailChimp,2,0,0.0
NesterTelecom LLC,2,2,1.0
T-Mobile Austria GmbH,2,0,0.0
Melbikomas UAB,2,2,1.0
InterRacks B.V.,2,0,0.0
Pulsant (Scotland) Ltd,2,0,0.0
Gaertner Datensysteme GmbH & Co. KG,2,0,0.0
Hosting technology LTD,2,1,0.5
Uzbektelekom Joint Stock Company,2,0,0.0
"NTT America, Inc.",2,0,0.0
Capital One Financial Corporation,2,0,0.0
"TotalChoice Hosting, LLC",2,1,0.5
Zattoo AG,2,0,0.0
ScaleUp Technologies GmbH & Co. KG,2,0,0.0
U. S. Department of Justice,2,0,0.0
"Jones Lang LaSalle, Inc.",2,0,0.0
HostRoyale Technologies Pvt Ltd,2,2,1.0
Generali Finance Sp.z.o.o.,2,0,0.0
M3 Groep BV,2,0,0.0
WIBO Baltic UAB,2,2,1.0
w1n ltd,2,1,0.5
Baffin Bay Networks AB,2,0,0.0
SpectraIP B.V.,2,2,1.0
SQUIXA PTY LIMITED,2,0,0.0
UFO Hosting LLC,2,0,0.0
Windcloud 4.0 GmbH,2,1,0.5
U.S. Department of Veterans Affairs,2,0,0.0
"Splunk, Inc.",1,0,0.0
Net at vision Gesellschaft fuer Informationstechnologie mbH,1,0,0.0
Guizhou GuiAn IDC,1,0,0.0
iFog GmbH,1,0,0.0
SilverIP Communications Inc.,1,0,0.0
PH Bilisim Teknolojileri Limited Sirketi,1,1,1.0
TurkNet Iletisim Hizmetleri A.S.,1,0,0.0
Sorint Lab Spa,1,0,0.0
REANNZ National Research and Education Network,1,0,0.0
DRI SAS,1,0,0.0
Mobile Telecommunications Company K.S.C.P.,1,0,0.0
NetBase BV,1,0,0.0
AO ATS,1,0,0.0
Colocation America Corporation,1,0,0.0
Atria Convergence Technologies Pvt. Ltd. Broadband Internet Service Provider INDIA,1,1,1.0
"Path Network, Inc.",1,0,0.0
OOO WestCall Ltd.,1,0,0.0
HanseMerkur Krankenversicherung AG,1,0,0.0
Vox-Telecom,1,1,1.0
Fundacion Centro de Supercomputacion de Castilla y Leon,1,0,0.0
"Another Corporate ISP, LLC",1,0,0.0
"Colosseum Online, Inc.",1,0,0.0
AJPES,1,0,0.0
Bayer AG,1,0,0.0
Hutchison Drei Austria GmbH,1,0,0.0
Universiti Sains Malaysia USM,1,0,0.0
Infotechna Ltd.,1,0,0.0
IQ Fiber,1,1,1.0
ARUP LABORATORIES,1,0,0.0
Razorblue Ltd,1,0,0.0
ServerDo Servicos de Informatica Ltda,1,0,0.0
"F5, Inc.",1,0,0.0
DataHata Ltd,1,0,0.0
A1 Network Exchange Limited,1,0,0.0
AGORA CALYCE SpAS,1,0,0.0
Netlink Sp. z o o,1,0,0.0
"Zachodniopomorski Uniwersytet Technologiczny w Szczecinie, Akademickie Centrum Informatyki",1,0,0.0
National-University-Rwanda,1,0,0.0
Web Site Source,1,0,0.0
Ioffe Physical-Technical Institute of the Russian Academy of Sciences,1,0,0.0
ESCOMTEL BACKGROUND COMMUNICATION NETWORKS Ltd.,1,1,1.0
ottogi.co.kr,1,0,0.0
Dailymotion S.A.,1,0,0.0
RouteLabel V.O.F.,1,0,0.0
CV. NATANETWORK SOLUTION,1,0,0.0
InfoCamere SCpA,1,0,0.0
ATW Internet Kft.,1,0,0.0
Georgia Institute of Technology,1,0,0.0
Lyntia Networks S.A.,1,0,0.0
Kazakhstan Stock Exchange JSC,1,0,0.0
Smartnet Too,1,0,0.0
Developed Methods LLC,1,1,1.0
"Tonami System Solutions Co., Ltd.",1,0,0.0
Midcontinent Communications,1,0,0.0
University of Montana,1,0,0.0
Vodafone Portugal - Communicacoes Pessoais S.A.,1,0,0.0
"NSS INTL CO., LTD.",1,0,0.0
SAS Nexylan,1,0,0.0
Virtual Access Internet BV,1,0,0.0
MEVSPACE sp. z o.o.,1,1,1.0
AmberIT Limited,1,1,1.0
Suomi Communications Oy,1,0,0.0
Ferenz Networks,1,1,1.0
Managing company Realty of Petersburg Ltd,1,0,0.0
Superior B.V.,1,0,0.0
CDNetworks,1,0,0.0
South Ural State University,1,0,0.0
Non state educational institution Educational Scientific and Experimental Center of Moscow In,1,0,0.0
intercolo GmbH,1,1,1.0
WebHorizon Internet Services,1,1,1.0
FEDERAL ONLINE GROUP LLC,1,1,1.0
LLC Vpsville,1,1,1.0
Softhouse Ltd.,1,0,0.0
Kontel LLC,1,0,0.0
FunkFeuer Wien - Verein zur Foerderung freier Netze,1,0,0.0
Numberly SAS,1,0,0.0
Innsbrucker Kommunalbetriebe AG,1,0,0.0
Hosting Solution Ltd.,1,0,0.0
Zappie Host LLC,1,1,1.0
mijn.host B.V.,1,0,0.0
Trevenque Sistemas De Informacion S.l.,1,0,0.0
Dedicated.com,1,1,1.0
IT-Total Sweden AB,1,0,0.0
QuadraNet Enterprises LLC,1,0,0.0
Kancelarija za informacione tehnologije i elektronsku upravu,1,0,0.0
North Carolina State University,1,0,0.0
Netdirekt A.S.,1,1,1.0
NIKS,1,0,0.0
FNBCONNECT,1,0,0.0
Zubritska Valeriia Nikolaevna,1,1,1.0
Below Zero Hosting Ltd.,1,0,0.0
EL PASO COMMUNITY COLLEGE,1,0,0.0
Domainkeskus Oy,1,0,0.0
InterBS S.R.L. BAEHOST,1,1,1.0
UAB Nacionalinis Telekomunikaciju Tinklas,1,0,0.0
Novaya Sibir Plus Ltd.,1,0,0.0
Cigna HLA Technology Services Company Ltd,1,0,0.0
"SECOM Trust Systems Co.,Ltd.",1,0,0.0
MS HARVIL MEDIA,1,0,0.0
Bhutan Telecom Ltd,1,0,0.0
Dgn Teknoloji A.s.,1,1,1.0
Parallel Web Cloud Services,1,1,1.0
Aziende Italia S.r.l.,1,0,0.0
University of Massachusetts - AMHERST,1,0,0.0
"Palm Court Bldg M, 501B, 5th Floor, New Link Road",1,1,1.0
Securities Industry Automation Corporation,1,0,0.0
CHINANET Nanjing Jishan IDC network,1,0,0.0
Suzuyo Shinwart Corporation,1,0,0.0
"Surf Air Wireless, LLC",1,0,0.0
Parsian High Tech Company PJSC,1,1,1.0
JSC Center of Financial Technologies,1,0,0.0
PT Aidi Digital Global,1,1,1.0
INVITE Systems SRL,1,0,0.0
Universo Digital Telecomunicacoes LTDA ME,1,1,1.0
MARANDU COMUNICACIONES SOCIEDAD DEL ESTADO,1,0,0.0
Saint Petersburg State University,1,0,0.0
LLC Wildberries,1,0,0.0
24 SHELLS,1,0,0.0
Zen Internet Ltd,1,0,0.0
SIA BITE Latvija,1,0,0.0
ICODIA SAS,1,0,0.0
IP Connect Inc,1,1,1.0
University of Wisconsin Madison,1,0,0.0
AMT GROUP TELECOM Limited Liability Company,1,0,0.0
"Grupo Loading Systems, S.L.",1,1,1.0
HomeFind24,1,0,0.0
DCH COMPANIA DE COMUNICACIONES E INMOBILIARIA LTDA,1,0,0.0
Data Management,1,0,0.0
DATAGROUP Operations GmbH,1,0,0.0
ecotel communication ag,1,0,0.0
Latitude.sh LTDA,1,0,0.0
Telx,1,0,0.0
Volia-Cable LLC,1,1,1.0
China Unicom Guangzhou network,1,1,1.0
CloudRadium HK Limited,1,0,0.0
TMN SA,1,1,1.0
AMA netwoRX GmbH,1,1,1.0
Asiera Technology Services Clg,1,0,0.0
"WEBTEAM, INC",1,0,0.0
American Cloud LLC,1,0,0.0
Datema Bilisim Ticaret Anonim Sirketi,1,1,1.0
PT Deneva,1,0,0.0
SeaExpress Ltd.,1,0,0.0
"Lycos, Inc.",1,0,0.0
George Mason University,1,1,1.0
"DataPipe, Inc.",1,0,0.0
1 Cloud Lab s.r.o.,1,0,0.0
County of San Bernardino,1,0,0.0
Exim Host SRL,1,0,0.0
NewPush Europe Kft.,1,0,0.0
Partner Communications Ltd.,1,0,0.0
BANCO DO BRASIL S.A.,1,0,0.0
Emmelibri S.r.l.,1,0,0.0
Cooolbox AD,1,0,0.0
Redline Ooo,1,0,0.0
Bundesrechenzentrum GmbH,1,0,0.0
Conterra,1,0,0.0
Globalhost d.o.o.,1,1,1.0
LLC Hostmaster,1,0,0.0
Mappy SA,1,0,0.0
Cars Commerce,1,0,0.0
Keyyo SA,1,0,0.0
Sosyal Guvenlik Kurumu(SGK),1,0,0.0
BRSK Limited,1,0,0.0
4 Vendeta Ltd,1,1,1.0
"Namincheon Brodcasting Co., Ltd.",1,1,1.0
China Internet Network Infomation Center,1,1,1.0
OPTAGE Inc.,1,0,0.0
Irish Government,1,0,0.0
"JINHUA, ZHEJIANG Province, P.R.China.",1,1,1.0
Celtel Nigeria Limited t.a ZAIN,1,1,1.0
Telnet Communication Limited Network and Transit Service Provider. Having Nationwide MPLS Ne,1,0,0.0
Web1 Oy,1,0,0.0
Jiangxi Jiujiang IDC,1,0,0.0
Neterra Ltd.,1,1,1.0
Statens Fastighetsverk,1,0,0.0
China Unicom IP network China169 Guangdong province,1,0,0.0
Veridyen Bilisim Teknolojileri Sanayi ve Ticaret Limited Sirketi,1,0,0.0
"Microchip Computer Solutions, Inc.",1,0,0.0
Snaju Development,1,0,0.0
Init7 (Switzerland) Ltd.,1,0,0.0
Kingston Online Services,1,0,0.0
CHINATELECOM Jiangsu province Changzhou 5G network,1,0,0.0
Mirai Communication Network Inc.,1,0,0.0
Department of Governance Reforms,1,0,0.0
State of New Mexico,1,0,0.0
SIEMENS LTD. CHINA,1,0,0.0
"Emagine Concept, Inc.",1,1,1.0
Avista Corporation,1,0,0.0
Amazon Data Services Ireland Ltd,1,0,0.0
China Unicom Shanghai network,1,0,0.0
Messe Duesseldorf GmbH,1,0,0.0
Quang Trung Software City Development Company,1,0,0.0
DLIVE,1,1,1.0
BWI GmbH,1,0,0.0
IDKOM Networks GmbH,1,0,0.0
Radistr LLC,1,0,0.0
xTom GmbH,1,1,1.0
Limited Liability Company TeleTower,1,0,0.0
Big Data Host LLC,1,0,0.0
High Availability Hosting Limited,1,0,0.0
The Dow Chemical Company,1,0,0.0
"KVH Co.,Ltd",1,0,0.0
HanMing HK Limited,1,0,0.0
"Adam EcoTech, S.A",1,0,0.0
TKRZ Stadtwerke GmbH,1,0,0.0
Telia Finland Oyj,1,0,0.0
TK Telekom sp. z o.o.,1,1,1.0
"Mosaic Data Services, Inc.",1,0,0.0
netlogix GmbH & Co. KG,1,0,0.0
ODN OnlineDienst Nordbayern GmbH & Co. KG,1,0,0.0
GRUPO PANAGLOBAL 15 S.A,1,1,1.0
Riksgaldskontoret,1,0,0.0
Vortex Netsol Private Limited,1,1,1.0
Geetoo Technology s.r.o.,1,0,0.0
Aditya Birla Financial Shared Services Ltd.,1,0,0.0
Webmaster Agency Ltd,1,0,0.0
mono solutions ApS,1,0,0.0
National Library of Medicine,1,0,0.0
"Soluciones Corporativas IP, SL",1,0,0.0
EUROHOSTER Ltd.,1,0,0.0
"Ansheng Network Technology Co., Limited",1,0,0.0
Ict Bulut Bilisim A.s.,1,0,0.0
Start2 LLC,1,0,0.0
Netcoil AB,1,1,1.0
Access Solutions Limited,1,1,1.0
BestDC Limited,1,1,1.0
TELEALFACOM S.A.S.,1,1,1.0
VERO S.A,1,1,1.0
T-Mobile Polska S.A.,1,1,1.0
"NeuLion, Inc.",1,0,0.0
"43F, AIA Tower, 183 Electric Road, North Point, Hong Kong",1,0,0.0
"tzulo, inc.",1,0,0.0
WISTEE SAS,1,0,0.0
PT. JASA RAHARJA PERSERO,1,0,0.0
Studentersamfundet i Trondhjem,1,0,0.0
IT arte Sp. z o.o.,1,0,0.0
KINX,1,0,0.0
Netvia Bilisim Yazilim Dan. Tic. Ltd. Sti.,1,0,0.0
Provector Sp. z o.o,1,1,1.0
Mynet S.r.l.,1,0,0.0
Komenda Glowna Policji,1,0,0.0
COMPANHIA DE TECNOLOGIA DA INFORMACAO ESTADO MG,1,0,0.0
Pixel X e.K.,1,0,0.0
LG POWERCOMM,1,1,1.0
VDC Virtual Data Corp.,1,1,1.0
Aussie Broadband,1,0,0.0
Long Van Soft Solution JSC,1,0,0.0
"FirstLight Fiber, Inc.",1,0,0.0
Capital Telecom Limited Company,1,0,0.0
Easyhost Srl,1,0,0.0
IIC LLC,1,0,0.0
Gush I Systems,1,0,0.0
Shaporenko Yuri Nikolaevich,1,1,1.0
CANCOM Managed Services GmbH,1,0,0.0
Federated Cooperatives Limited,1,0,0.0
Cologuard,1,0,0.0
PT Cyberindo Aditama,1,0,0.0
MauritiusTelecom,1,0,0.0
punkt.de GmbH,1,0,0.0
Koumbit,1,0,0.0
VEGAGAME,1,0,0.0
Quantum CJSC,1,0,0.0
"OBIT-telecommunications, LLC",1,0,0.0
TOT Public Company Limited,1,0,0.0
MPOnline Ltd,1,0,0.0
Quanzhou,1,0,0.0
CtrlS,1,0,0.0
Kaspersky Lab AO,1,0,0.0
FastNet International Ltd,1,0,0.0
MOBIFONE Corporation,1,0,0.0
Jsc Ukrainian Railways,1,0,0.0
Fundaments B.V.,1,0,0.0
"Constellation Web Solutions, Inc.",1,0,0.0
EXONHOST,1,1,1.0
Bluewin,1,0,0.0
Vertisoft,1,0,0.0
Roswell Park Cancer Institute,1,0,0.0
Cloud 9 Ltd.,1,0,0.0
Cyclop S.a r.l.,1,1,1.0
DREAMMARK1,1,0,0.0
Florida State University,1,0,0.0
Inventx AG,1,0,0.0
Council of Ministers,1,0,0.0
Local Internet Service Company,1,0,0.0
O2 UK,1,0,0.0
Gmina Lublin,1,1,1.0
Latvijas Biozinatnu un tehnologiju universitaete,1,0,0.0
"DataBank Holdings, Ltd.",1,1,1.0
Springs Hosting,1,0,0.0
Managed Solutions Internet AS Internet Service Provider,1,0,0.0
Support Chain LLC,1,0,0.0
"Dream Fusion - IT Services, Lda",1,0,0.0
AGSM AIM Smart Solutions SRL,1,0,0.0
Oktawave S.A.,1,0,0.0
eTOP sp. z o.o.,1,0,0.0
"POSLuH d.o.o, za informaticke usluge i trgovinu",1,0,0.0
AMN Healthcare,1,0,0.0
Federal State Budgetary Institution Institute of High Energy Physics named after A.A.Logunov,1,0,0.0
"NC Taiwan Co., Ltd.",1,0,0.0
Nexthop AS,1,1,1.0
CoreSite,1,0,0.0
vBoxx B.V.,1,0,0.0
Taylor Corporation,1,0,0.0
SysEleven GmbH,1,0,0.0
Cronon GmbH,1,0,0.0
NixiHost.com Incorporated,1,0,0.0
"ISN, Internet Service Provider",1,1,1.0
Exelon Corporation,1,0,0.0
Lanka Communication Services,1,1,1.0
Comsenso BV,1,0,0.0
Zettaplan AG,1,0,0.0
BIGLOBE Inc.,1,0,0.0
JSC Russian Agricultural Bank,1,0,0.0
Paradise Networks LLC,1,1,1.0
TELUS Communications,1,0,0.0
"Institute of Information and Computing, EWHA WOMANS UNIV.",1,0,0.0
LLC Eksintech,1,0,0.0
Datacenta Hosting Ltd,1,0,0.0
IP Fiber Inc,1,0,0.0
Hosting Systems Ltd,1,0,0.0
Evolink EAD,1,0,0.0
OPTIDATA LTDA,1,0,0.0
lopnet AB,1,1,1.0
PhoenixNAP,1,0,0.0
Izhevsk Network Technologies Ltd,1,0,0.0
"UHAUL INTERNATIONAL, INC.",1,0,0.0
Transworld Associates Pvt. Ltd.,1,0,0.0
REHAU Industries SE & Co. KG,1,0,0.0
Edinaya Set Limited Liability Company,1,0,0.0
ProcoliX B.V.,1,0,0.0
"PERFTECH, podjetje za proizvodnjo in uvajanje novih tehnologij, d.o.o.",1,0,0.0
Long Van System Solution JSC,1,0,0.0
FASTER CZ spol. s r.o.,1,0,0.0
Layer Marketing Services L.L.C,1,0,0.0
LLC Pudlink,1,0,0.0
Three,1,1,1.0
Nettigritty Private Limited,1,0,0.0
99IT,1,1,1.0
Korea Trade Network,1,0,0.0
ANTIK Telecom s.r.o,1,0,0.0
Suedwestfalen-IT,1,0,0.0
"Net Solutions - Consultoria Em Tecnologias De Informacao, Sociedade Unipessoal LDA",1,1,1.0
MOMIT SRL,1,0,0.0
Coextro,1,0,0.0
Radicenter OU,1,1,1.0
Iran Telecommunication Company PJS,1,0,0.0
OMG.de GmbH,1,0,0.0
Dosarrest Internet Security LTD,1,0,0.0
Hamed Shirvani Bagheri,1,0,0.0
CoreTech s.r.l.,1,0,0.0
Siteaction,1,0,0.0
Totaalnet Internet Works B.V.,1,1,1.0
Emirates Telecommunications Group Company (etisalat Group) Pjsc,1,0,0.0
DODW Holding B.V.,1,0,0.0
ExtentIT Solution Limited,1,1,1.0
Burda Digital Systems GmbH,1,0,0.0
LeaseWeb Network B.V.,1,0,0.0
Foton Company Ltd,1,0,0.0
Collecte Localisation Satellites SAS,1,0,0.0
NTT-ME Corporation,1,0,0.0
"SIEL, d.o.o.",1,0,0.0
Zulu Ltd.,1,0,0.0
National Infrastructures for Research and Technology S.A.,1,0,0.0
Dept. of Information Technology & Cyber Security,1,0,0.0
Easter-eggs Sarl,1,0,0.0
Emigrant Bank,1,0,0.0
"Mississippi, Department of Information Technology Services ITS",1,0,0.0
CLAUS WEB srl,1,0,0.0
SYNLINQ,1,0,0.0
Compubyte Limited,1,1,1.0
BT Italia S.p.A.,1,0,0.0
OOO Izdatelstvo EKSMO,1,0,0.0
Oak Ridge National Laboratory,1,0,0.0
InfoServe GmbH,1,0,0.0
inexio Informationstechnologie und Telekommunikation Gmbh,1,0,0.0
Database Mart LLC,1,1,1.0
Aarhus Universitet,1,0,0.0
Ooo Transtelecom,1,0,0.0
"Megacable Comunicaciones de Mexico, S.A. de C.V.",1,1,1.0
Ascenty Data Centers e Telecomunicacoes SA,1,1,1.0
Labtech Systems Ltd,1,0,0.0
Action-digital LLC,1,0,0.0
International Hosting Company Limited,1,1,1.0
VERIUP Bulut Internet Hizmetleri A.S.,1,0,0.0
Hevanet,1,0,0.0
Artnet Sp. z o.o.,1,0,0.0
Kapsi Internet-kayttajat ry,1,1,1.0
CDNvideo LLC,1,0,0.0
Federal State Budgetary Educational Institution of Higher Education Lomonosov Moscow State Un,1,0,0.0
Root Holding B.V.,1,0,0.0
Federated Investors,1,0,0.0
Video-Broadcast GmbH,1,1,1.0
Real Estate Digital LLC,1,0,0.0
FiberPower LLC,1,1,1.0
Continent 8 LLC,1,1,1.0
NetCologne Gesellschaft fur Telekommunikation mbH,1,0,0.0
WiMore S.r.l.,1,0,0.0
National Mobile Telecommunications Company K.s.c.p.,1,1,1.0
Vocus Connect International Backbone,1,0,0.0
AllPoints Fibre Limited,1,1,1.0
Institutul National de Cercetare-Dezvoltare in informatica - ICI Bucuresti,1,0,0.0
Galaxy Backbone,1,0,0.0
TaDu Joint Stock Company,1,1,1.0
Long View Systems Corporation USA,1,0,0.0
"Andorra Telecom, S.a.u.",1,0,0.0
Elisa Oyj,1,0,0.0
Sai gon Postel Corporation,1,0,0.0
Buhler AG,1,0,0.0
Hivelocity LLC,1,1,1.0
Association Gitoyen,1,0,0.0
Kunnskapssektorens Tjenesteleverandor,1,0,0.0
Primus Telecommunications Canada Inc.,1,0,0.0
SYNTEN Sarl,1,0,0.0
SDV6TM SAS,1,0,0.0
Southern Ohio Communication Services,1,1,1.0
RADWARE INC.,1,0,0.0
Medicover Sp. z o.o.,1,1,1.0
AVAST Software s.r.o.,1,0,0.0
Gen Digital Inc.,1,0,0.0
PROGRESO.PL Sp. z o.o,1,0,0.0
"Hawaiian Telcom Services Company, Inc.",1,0,0.0
UD Media GmbH,1,0,0.0
CN-TELECOM LTDA,1,1,1.0
"Massive Networks, Inc.",1,0,0.0
HP Inc.,1,0,0.0
MoeChuang Network Limited,1,1,1.0
active 1 GmbH,1,1,1.0
"Shanghai Data Solution Co., Ltd.",1,0,0.0
"Avatel Telecom, SA",1,1,1.0
BOREALIS BROADBAND INC.,1,0,0.0
Spectra Technologies India Private Limited,1,1,1.0
HEXATOM s.a.r.l.,1,0,0.0
Empresa Municipal de Informatica sa,1,0,0.0
UPONU GmbH,1,0,0.0
China Unicom IP network,1,1,1.0
LLC Babilon-T,1,0,0.0
"Mizban Abri Iman Iranian, LLC",1,0,0.0
PenTeleData Inc.,1,0,0.0
Administratia Nationala de Meteorologie RA,1,0,0.0
Frieder Mueller,1,0,0.0
Capinzal NET,1,0,0.0
"Cengage Learning, Inc.",1,0,0.0
"AXEL ENTERMEDIA, INC.",1,0,0.0
Charles River Operation,1,0,0.0
University of Missouri - dba the Missouri Research and Education Network MOREnet,1,0,0.0
Gloman SA,1,0,0.0
axilaris GmbH,1,0,0.0
GMG AG,1,0,0.0
Iowa State University of Science and Technology,1,0,0.0
SMABTP,1,0,0.0
State of WI Dept. of Administration,1,0,0.0
QTIME BUSINESSES PRIVATE LIMITED,1,1,1.0
The Ministry of Digital Transformation,1,0,0.0
Drexel University,1,0,0.0
First Horizon National Corporation,1,0,0.0
CDM,1,0,0.0
Shandong Mobile Communication Company Limited,1,0,0.0
Florian Kolb,1,1,1.0
Office Of The Prime-minister Of The Republic Of Armenia State Body,1,0,0.0
Trader soft LLC,1,0,0.0
Sony Network Taiwan Limited,1,0,0.0
truehostcloud,1,1,1.0
IT Heinrich GmbH,1,0,0.0
Data Syst Ltd.,1,0,0.0
Argentina Virtual Networks SRL,1,0,0.0
"Qingdao,266000",1,0,0.0
"Armour Cloud, LLC",1,0,0.0
Nls Astana Llp,1,1,1.0
The Auto Club Group,1,0,0.0
RAI RadioTelevisione Italiana SPA,1,0,0.0
Okno-TV LLC,1,0,0.0
RJ Network OU,1,0,0.0
Vertixo BV,1,0,0.0
Smart Telecom Limited,1,0,0.0
"Serveroid, LLC",1,0,0.0
Paul David Hughes,1,0,0.0
"TNtech, s.r.o.",1,0,0.0
EN Technologies Pte Ltd,1,1,1.0
Main Center of Information and Computing Ministry of culture of Russian Federation,1,0,0.0
State Educational Institution of higher professional Education 'Altay State University' name,1,0,0.0
Infoclip SA,1,0,0.0
"Crexendo Business Solutions, Inc.",1,0,0.0
"CLARA, Inc.",1,0,0.0
"OptoNet Communication, spol. s.r.o.",1,0,0.0
Teslatel LLC,1,0,0.0
Information Society S.A.,1,0,0.0
The Communication GATEWAY LTD,1,0,0.0
Real Hosts Limited,1,0,0.0
LightSpeed Hosting,1,0,0.0
Noraina Ltd,1,1,1.0
OMCnet Internet Service GmbH,1,0,0.0
FIBERNETICS CORPORATION,1,0,0.0
"Cambium Learning, Inc.",1,0,0.0
rh-tec Business GmbH,1,0,0.0
vertical IT-Service GmbH,1,0,0.0
TATA Communications formerly VSNL is Leading ISP,1,0,0.0
PE Fedinyak Sergey Vyacheslavovich,1,0,0.0
Jose Antonio Vazquez Quian,1,0,0.0
State of Minnesota,1,0,0.0
ZOHO Corporation B.V,1,0,0.0
UNIDATA S.p.A.,1,0,0.0
Sedmi Odjel d.o.o.,1,1,1.0
CLOUD.nl B.V.,1,0,0.0
ILK Internet Gmbh,1,0,0.0
Eclit Bilisim Hizmetleri A.S,1,0,0.0
"Seznam.cz, a.s.",1,0,0.0
Agencia Efe SA,1,0,0.0
Liquid Web B.V.,1,0,0.0
"CABLE ONE, INC.",1,0,0.0
AO SUEK,1,0,0.0
"Summit-Tech Multimedia Communications, Inc.",1,0,0.0
BIZNET NETWORKS,1,1,1.0
NORC,1,0,0.0
10 Science Park Road,1,0,0.0
Lunanode Hosting Inc.,1,0,0.0
Cyberlink AG,1,0,0.0
TAV Bilisim Hizmetleri A.S.,1,0,0.0
GISA GmbH,1,0,0.0
Korea Development Bank,1,0,0.0
LUWY TV-IT GmbH & Co KG,1,0,0.0
CSC Administrative Services Limited,1,0,0.0
Techtel LMDS Comunicaciones Interactivas S.A.,1,0,0.0
Triple T Broadband Public Company Limited,1,0,0.0
Figaro Classifieds SA,1,0,0.0
Th.papamichail Vainas - G.psaltakis G.p,1,1,1.0
Vocus Retail,1,0,0.0
WESTERN UNIVERSITY OF HEALTH SCIENCES,1,0,0.0
D-telekom LLC,1,1,1.0
Exabytes Network Singapore Pte. Ltd.,1,0,0.0
Politeknik Elektronika Negeri Surabaya,1,0,0.0
Ledl.net GmbH & Co. KG,1,0,0.0
Lepida S.c.p.A.,1,0,0.0
FIBMESH PRIVATE LIMITED,1,1,1.0
VERIXI SA,1,0,0.0
ISRAEL DISCOUNT BANK Ltd,1,0,0.0
eNET Inc.,1,0,0.0
"Greenlight Networks, LLC",1,0,0.0
Bezeq- THE ISRAEL TELECOMMUNICATION CORP. LTD.,1,1,1.0
NetEarth UK Ltd,1,1,1.0
Russmedia IT GmbH,1,0,0.0
"Dynascale Technologies, Inc.",1,0,0.0
"Horry Telephone Cooperative, Inc.",1,0,0.0
Libeo Inc.,1,0,0.0
Global Internet Solutions LLC,1,0,0.0
AS Postimees Grupp,1,0,0.0
"Think On, Inc.",1,0,0.0
MAHARASHTRA KNOWLEDGE CORPORATION LIMITED,1,0,0.0
OVEA SAS,1,0,0.0
Red Universitaria Nacional,1,0,0.0
GTT Communications Inc.,1,0,0.0
Optimum-Telecom-Algeria,1,1,1.0
Kuroit,1,0,0.0
VpsQuan L.L.C.,1,0,0.0
"ONYX engineering, spol. s r.o.",1,0,0.0
Banedanmark,1,0,0.0
"Lakeside Network, LLC",1,0,0.0
Aksigorta Anonim Sirketi,1,0,0.0
PT Dewa Bisnis Digital,1,0,0.0
Mainstream doo Beograd,1,0,0.0
BHARTI Airtel Ltd.,1,0,0.0
Information Technology Company AVENGA DOOEL Skopje,1,0,0.0
SRI International,1,0,0.0
"ADAMANT, Ltd.",1,0,0.0
"R Cable y Telecable Telecomunicaciones, S.A.U.",1,0,0.0
Netfactor Telekominikasyon ve Teknoloji Hizmetleri San. ve Tic. A.S.,1,0,0.0
mecom Medien-Communikations-Gesellschaft mbH,1,0,0.0
"Unitedlayer, Inc.",1,0,0.0
Comarch S.A.,1,0,0.0
Twentytwentymedia Limited,1,0,0.0
TekTonic,1,0,0.0
Megahost Kazakhstan TOO,1,1,1.0
Brown-Forman Corporation,1,0,0.0
SysUP IT GmbH & Co KG,1,0,0.0
"Research Organization of Information and Systems, National Institute of Informatics",1,0,0.0
Taiwan Academic Network TANet Information Center,1,0,0.0
Kindred IP Limited,1,0,0.0
Centene Corporation,1,0,0.0
SGC-Cloud Alliance Limited,1,0,0.0
SSC-ICT Haaglanden,1,0,0.0
Stadtwerke Kufstein GmbH,1,0,0.0
Lanset America Corporation,1,1,1.0
Think Huge Ltd,1,1,1.0
Brightbox Systems Ltd,1,0,0.0
Ministry of labour and social affairs,1,0,0.0
SEJONG NETWORKS,1,0,0.0
Reedsburg Utility Commission,1,1,1.0
Vital Teknoloji Telekomunikasyon Bilgisayar Hizmetleri Ve Sanayi Ticaret Ltd Sirketi,1,0,0.0
"HONG KONG KOWLOON TELECOMMUNICATIONS CO.,LIMITED",1,0,0.0
Flarezen Ltd.,1,1,1.0
"Department of Information Technology, Government of Nepal",1,0,0.0
Reliance Communications Ltd.DAKC MUMBAI,1,0,0.0
Titan DataCenters France SAS,1,0,0.0
PT. EXABYTES NETWORK INDONESIA,1,1,1.0
A2b Ip B.v.,1,0,0.0
TOKAI Communications Corporation,1,0,0.0
NETH LLC,1,0,0.0
abaton EDV-Dienstleistungs GmbH,1,0,0.0
SAP America Inc.,1,0,0.0
one4vision GmbH,1,1,1.0
Proen Corp Public Company Limited.,1,0,0.0
ODOIP SAS,1,1,1.0
"ITEC HANKYU HANSHIN CO.,LTD.",1,0,0.0
Ordipat SAS,1,0,0.0
BTT TELECOMUNICACOES S.A.,1,1,1.0
"Shijiazhuang IDC network, CHINANET Hebei province",1,0,0.0
"LanMinds, Inc.",1,0,0.0
"National Public Radio, Inc.",1,0,0.0
Yeahhost Sdn Bhd,1,1,1.0
Reevo S.p.A.,1,0,0.0
Ozkula Internet Hizmetleri Tic. LTD. STI.,1,1,1.0
Wholesail networks LLC,1,0,0.0
National Information Technology Center,1,0,0.0
Visma Roxit B.V.,1,0,0.0
Al Bahrainia al Urdunia Liltaknia Wa Alitisalat Plc. Co,1,1,1.0
"Brownrice Internet, Inc.",1,0,0.0
"Velocity Network, Inc.",1,0,0.0
Medianova Internet Hizmetleri Ve Ticaret Anonim Sirketi,1,0,0.0
LEAPSWITCH NETWORKS PRIVATE LIMITED,1,1,1.0
Omegatech LTD,1,0,0.0
Webline Services Inc,1,1,1.0
Procopa IT ApS,1,0,0.0
Fontventa Sl,1,0,0.0
Smarthost sp. z o.o.,1,1,1.0
LEMARIT GmbH,1,0,0.0
Gwy It Pty Ltd,1,0,0.0
Servers Tech Fzco,1,0,0.0
Host4Biz sp. z o.o.,1,0,0.0
Flex Ltd.,1,1,1.0
PODA a.s.,1,0,0.0
akquinet outsourcing gGmbH,1,0,0.0
Adjust GmbH,1,0,0.0
EWEBGURU,1,0,0.0
SACREDCHAO-AS AS250.net Foundation,1,0,0.0
"TIME dotCom Berhad No. 14, Jalan Majistret U126 Hicom Glenmarie Industrial Park 40150 Shah Al",1,0,0.0
Computel Standby BV,1,0,0.0
Minnesota State Colleges and Universities,1,0,0.0
Australian Academic and Research Network AARNet,1,0,0.0
Ikoula Net SAS,1,0,0.0
Web Werks India Pvt. Ltd.,1,1,1.0
GABIA Inc.,1,1,1.0
Bezeq International Ltd.,1,0,0.0
Canhost Inc.,1,0,0.0
Advania Finland Oy,1,0,0.0
"Infocomunicacoes, S.A.",1,1,1.0
Computer Network Information Center of Chinese Academy of Sciences CNIC-CAS,1,0,0.0
Wave Broadband,1,1,1.0
MSH Medien System Haus GmbH & Co. KG,1,0,0.0
Infinity Telecom SRL,1,0,0.0
Ministry of Information Technologies and Communications of Chelyabinsk Region,1,0,0.0
Sardegna IT srl,1,0,0.0
"Crucial Web Hosting, Ltd.",1,0,0.0
ICA Canada On-Line Inc.,1,0,0.0
Claro NXT Telecomunicacoes Ltda,1,1,1.0
IP Volume inc,1,0,0.0
Orange Business Digital Germany GmbH,1,0,0.0
PRO-ZETA a.s.,1,1,1.0
Teknology SA,1,1,1.0
Knipp Medien und Kommunikation GmbH,1,0,0.0
Core-Backbone GmbH,1,0,0.0
Safe Value Limited,1,0,0.0
Aixit GmbH,1,0,0.0
Smartt Inc.,1,0,0.0
HKBN Enterprise Solutions Limited,1,1,1.0
Nexicom Inc.,1,0,0.0
FS Veri Merkezi Internet Teknolojileri Limited Sirketi,1,0,0.0
Universidad Central de Venezuela,1,0,0.0
Kamatera Inc,1,0,0.0
"Salesforce.com, Inc.",1,0,0.0
Servereasy Srl,1,0,0.0
"kt cloud Co., Ltd",1,1,1.0
iHome LLC,1,0,0.0
Universitaet zu Koeln,1,0,0.0
MadeIT inc.,1,0,0.0
"GorillaServers, Inc.",1,1,1.0
IncogNet LLC,1,1,1.0
Skysilk,1,0,0.0
EZ TECHNOLOGY COMPANY LIMITED,1,1,1.0
Intesa Sanpaolo S.p.A.,1,0,0.0
"Sharecare, Inc.",1,0,0.0
House of Commons,1,0,0.0
DATAGROUP BIT GmbH,1,0,0.0
Fraunhofer-Gesellschaft zur Foerderung der angewandten Forschung e.V.,1,0,0.0
CH Regionalmedien AG,1,0,0.0
"St. Josephs Health Care, London",1,0,0.0
QNAX LTDA,1,1,1.0
ServeTheWorld AS,1,0,0.0
Ningxia West Cloud Data Technology Co.Ltd.,1,0,0.0
Alex Group LLC,1,1,1.0
ENTEL CHILE S.A.,1,0,0.0
MetTel,1,0,0.0
Netmihan Communication Company Ltd,1,1,1.0
Kyonix Networks Limited,1,0,0.0
Cong ty CP Truyen thong quoc te Incom,1,0,0.0
ZA-1-Grid,1,1,1.0
Ratiokontakt GmbH,1,0,0.0
ACCELIA,1,0,0.0
Hyundai Autoever Corp.,1,0,0.0
FRIEND IT Ltd,1,0,0.0
LLC smart Center,1,0,0.0
Dataport AoR,1,0,0.0
StormWall s.r.o.,1,0,0.0
Asociacion Civil de Estudios Superiores,1,0,0.0
Erste&Steiermarkische Bank d.d.,1,0,0.0
I vision SAS,1,0,0.0
Garmtech Lp,1,0,0.0
Lennox International Inc.,1,0,0.0
La Francaise des Jeux,1,0,0.0
Gi Group Holding S.p.A,1,0,0.0
Obergericht Des Kanton Zurich,1,0,0.0
Application X,1,0,0.0
PH CCTLD,1,0,0.0
Medical Mutual,1,0,0.0
KERIS,1,0,0.0
DataNode DC SRL,1,0,0.0
RELX inc.,1,0,0.0
Elite Limited,1,0,0.0
UNIFIQUE TELECOMUNICACOES SA,1,0,0.0
Bedag Informatik AG,1,0,0.0
Moroccan Academic Network,1,0,0.0
Rockhoster Private Limited,1,1,1.0
Palestine Telecommunications Company (PALTEL),1,1,1.0
Sprintel s.r.o.,1,1,1.0
Kerman University of Medical Sciences,1,0,0.0
tops.net GmbH & Co. KG,1,0,0.0
Orlen S.A.,1,0,0.0
iNES GROUP SRL,1,0,0.0
ALTICOR INC,1,0,0.0
Pearson Shared Services Ltd,1,0,0.0
PFALZKOM GmbH,1,0,0.0
KOREA CABLE TELECOM,1,0,0.0
SKSA TECHNOLOGY SDN BHD,1,1,1.0
"DTN, LLC",1,0,0.0
Telekom Deutschland GmbH,1,0,0.0
CTGNet,1,1,1.0
JSC Avantel,1,0,0.0
Ops One AG,1,0,0.0
Costa Crociere S.p.a.,1,0,0.0
"No.293,Wanbao Avenue",1,0,0.0
Posta Slovenije d.o.o.,1,0,0.0
University System of New Hampshire,1,0,0.0
Enterprise Cloud Ltd.,1,0,0.0
Network For Business Sp z o.o.,1,0,0.0
Financijska agencija,1,0,0.0
Columbia Basin Broadband Corporation,1,1,1.0
Hezardastan Unit Cloud Computing PJSC,1,0,0.0
University of Colorado at Boulder,1,0,0.0
Exigo AG,1,0,0.0
TDC Holding A/S,1,0,0.0
Crown Castle Fiber LLC,1,0,0.0
C.C.S. (Leeds) Ltd,1,0,0.0
Angel Soft OOD,1,1,1.0
esu2 Corporation,1,1,1.0
UNIVERSIDAD AUTONOMA DE SAN LUIS POTOSI,1,0,0.0
RAI Real Estate B.V.,1,0,0.0
Clouvider Limited,1,0,0.0
Kertinis valstybes telekomunikaciju centras,1,0,0.0
PUSHPKT OU,1,1,1.0
Macquarie Technology Operations Pty Limited,1,0,0.0
Netcom Kassel Gesellschaft fuer Telekommunikation mbH,1,0,0.0
Scandinavian Hosting AB,1,0,0.0
Ministry of Foreign Affairs of Vietnam - MOFA,1,0,0.0
Netservers Limited,1,0,0.0
"Chiroro-Net Co.,Ltd.",1,1,1.0
Hi3G Access AB,1,0,0.0
Menshikov Vladimir,1,0,0.0
TIS Dialog LLC,1,0,0.0
Public Telecommunication Corporation,1,1,1.0
Rochester Institute of Technology,1,1,1.0
ConocoPhillips Company,1,0,0.0
Entidad Publica Empresarial Red.es,1,0,0.0
VSE NET GmbH,1,0,0.0
Internet Thailand Company Limited,1,1,1.0
Contegix,1,0,0.0
SAIX-NET,1,0,0.0
Melco Sales NZ Ltd,1,0,0.0
Vodafone Spain,1,0,0.0
SHOPEE SINGAPORE PRIVATE LIMITED,1,0,0.0
"Mecklenburg County, NC",1,0,0.0
Hostpro Lab LLC,1,1,1.0
NETSOLVE NETWORK TECHNOLOGY LIMITED,1,0,0.0
Invision IT,1,1,1.0
Futruy s.r.o.,1,0,0.0
Chittagong Online Limited AS38592 AP,1,0,0.0
Formicidae Holdings B.V.,1,0,0.0
YOTTA NETWORK SERVICES PRIVATE LIMITED,1,1,1.0
Institut Mines Telecom (IMT) Atlantique - Bretagne - Pays de la Loire,1,0,0.0
Sia Nano IT,1,0,0.0
BILOUD SRL,1,0,0.0
WorldGate,1,0,0.0
Uniwersytet Muzyczny Fryderyka Chopina,1,0,0.0
Eurotux Informatica SA,1,0,0.0
Gossamer Threads Inc.,1,0,0.0
SFS Group Schweiz AG,1,0,0.0
LINZ STROM GAS WAERME GmbH fuer Energiedienstleistungen und Telekommunikation,1,0,0.0
Digiweb ltd,1,0,0.0
"MUCHA Pawel Mucha, Marcin Mucha SC",1,0,0.0
CHINANET Hubei province network,1,0,0.0
"Grupo Sys4net, S.l.",1,0,0.0
Natsav,1,0,0.0
Converge ICT Solutions Inc.,1,0,0.0
"Levi, Ray & Shoup, Inc.",1,0,0.0
Accretive Networks,1,0,0.0
APPRISS INC,1,1,1.0
novomind AG,1,0,0.0
Private Joint Stock Company datagroup,1,0,0.0
Fisher Scientific,1,0,0.0
Zepter IT Sp. z o.o.,1,0,0.0
Datbury Pty Ltd,1,0,0.0
Commerce Bank,1,0,0.0
MIRhosting B.V.,1,0,0.0
University of Waterloo,1,0,0.0
Servicios Informaticos Hostname Ltda,1,1,1.0
LLC T1Cloud,1,0,0.0
"Computer Engineering & Consulting, Ltd.",1,0,0.0
Singtel Fibre Broadband,1,1,1.0
FOUR NETWORK SERVICOS DE INFORMATICA LTDA - ME,1,1,1.0
Ollink Sarl,1,0,0.0
Olleh-Rwanda-Networks,1,0,0.0
"Station Casinos, LLC.",1,0,0.0
The Optimal Link Corporation,1,0,0.0
PureVoltage Hosting Inc.,1,0,0.0
Biblioteka Narodowa,1,0,0.0
Green Web Samaneh Novin PJSC,1,1,1.0
"Alaska Airlines, Inc.",1,0,0.0
Vianova S.p.A,1,0,0.0
Digimagical GmbH,1,0,0.0
"Best Hosting Company, LLC",1,0,0.0
DCV SERVICOS DE LOCACAO DE MAQUINAS E EQUIPAMENTOS,1,0,0.0
DEEP BRIGHT LIMITED,1,1,1.0
Vodafone Net Iletisim Hizmetler AS,1,1,1.0
State Intitution Resources of Yamala,1,0,0.0
MOACK.Co.LTD,1,1,1.0
Ava Host Srl,1,0,0.0
HostingBazis Beteti Tarsasag,1,0,0.0
Lucky Tone Communications Ltd.,1,0,0.0
TIKTOK PTE. LTD.,1,0,0.0
CJSC Kolomna-Sviaz TV,1,0,0.0
JSC Sberbank-AST,1,0,0.0
International Labour Office,1,0,0.0
Teletek Bulut Bilisim ve Iletisim Hizmetleri A.S.,1,0,0.0
COMUNICACION CELULAR S.A. COMCEL S.A.,1,1,1.0
Vision Consulting Deutschland GmbH,1,0,0.0
"KECA, Inc.",1,0,0.0
GGoC1-AS,1,0,0.0
Willamette Valley Internet,1,0,0.0
Finanz Informatik GmbH & Co. KG,1,0,0.0
Alastyr Telekomunikasyon A.S.,1,1,1.0
"Starry, Inc.",1,0,0.0
Coolhousing s.r.o.,1,0,0.0
ACOD JSC,1,0,0.0
NTT SmartConnect Corporation,1,0,0.0
NTS workspace AG,1,0,0.0
Ontario Institute for Cancer Research,1,1,1.0
Iksir Internet Hizmetleri A.S.,1,0,0.0
GMO-Z.com Runsystem Joint Stock Company,1,0,0.0
DVZ Datenverarbeitungszentrum Mecklenburg-Vorpommern GmbH,1,0,0.0
Sedgwick County Information Services,1,0,0.0
Jeroen Massar,1,0,0.0
"Getty Images Seattle, Inc.",1,0,0.0
Wurth IT GmbH,1,0,0.0
SpringNet,1,0,0.0
Readylink Internet Services Limited,1,0,0.0
Airdesign Broadcast Media Pvt Ltd,1,0,0.0
Scala Data Centers,1,1,1.0
PITC,1,0,0.0
Wolast Technologies,1,1,1.0
Smart Weblications GmbH,1,0,0.0
Planet Service SARL,1,1,1.0
Website Solution Limited,1,0,0.0
Drake University,1,0,0.0
Wow Internet Indonesia,1,1,1.0
Doruk Iletisim ve Otomasyon Sanayi ve Ticaret A.S.,1,1,1.0
Bisping & Bisping GmbH & Co KG,1,0,0.0
GalaxyStar LLC,1,0,0.0
Realogy Group LLC,1,0,0.0
United Technology Alliance Kft.,1,0,0.0
Ratiodata SE,1,0,0.0
"WebNX, Inc.",1,0,0.0
Hosting 2 GO B.V.,1,0,0.0
Radionomy SA,1,0,0.0
Nice IT Services Group Inc.,1,1,1.0
"Southern New England Telephone Company and SNET America, Inc.",1,1,1.0
"Information Technology Systems, Inc.",1,0,0.0
BH Telecom d.d. Sarajevo,1,0,0.0
hkfree.org z.s.,1,0,0.0
Esosoft Corporation,1,0,0.0
"Ace Data Centers II, L.L.C.",1,1,1.0
Cyberneticos Hosting SL,1,1,1.0
Hebei Mobile Communication Company Limited,1,0,0.0
Cox Communications Inc.,1,0,0.0
Massive Networks,1,0,0.0
Sabanci University,1,0,0.0
WideFM Ltd,1,1,1.0
Private company Ukrainian hosting,1,0,0.0
Shenandoah Cable Television LLC,1,0,0.0
mur.at - Verein zur Foerderung von Netzwerkkunst,1,0,0.0
Link11 GmbH,1,0,0.0
Alfa-Safety SARL,1,0,0.0
"CVR Services, LLC",1,0,0.0
"Digital Fortress, Inc.",1,0,0.0
Ensono LP,1,0,0.0
Municipal autonomous educational establishment of supplementary education of children Center,1,0,0.0
University of Puerto Rico,1,0,0.0
CETI s.c.,1,0,0.0
nocyo GmbH,1,0,0.0
M-net Telekommunikations GmbH,1,0,0.0
GLOBALHOSTINGSOLUTIONS INC,1,0,0.0
Bach Kim Network solutions Join stock company,1,0,0.0
Aristotle University of Thessaloniki,1,0,0.0
Microscan Internet Limited,1,0,0.0
"CNC, a.s.",1,0,0.0
Digital Garage S.l.,1,1,1.0
KUES DATA GmbH,1,0,0.0
Priority Colo Inc,1,0,0.0
Pishgaman Toseeh Ertebatat Company (Private Joint Stock),1,1,1.0
"FirstDigital Communications, LLC",1,0,0.0
FullHost,1,0,0.0
UNIVERSIDAD MAYOR DE SAN ANDRES,1,0,0.0
Gigahost AS,1,0,0.0
Sino Worldwide Trading Limited,1,0,0.0
Meganet Communications,1,0,0.0
Access2.IT Group B.V.,1,0,0.0
WAIcore Ltd,1,1,1.0
SOFTERINT TECHNOLOGY OPC PRIVATE LIMITED,1,1,1.0
Sveriges Meteorologiska och Hydrologiska Institut,1,0,0.0
GRUPO CG LIMITADA,1,1,1.0
Alsycon B.V.,1,1,1.0
"City of Chanute, Kansas",1,0,0.0
Telecel S.A.,1,1,1.0
NexonHost Srl,1,1,1.0
Alienor.net Sarl,1,0,0.0
Canby Telephone Association,1,0,0.0
NxtGen Datacenter & Cloud Technologies Pvt. Ltd.,1,0,0.0
PT. Tujuh Ion Indonesia,1,1,1.0
Tamatiya EOOD,1,1,1.0
InfraServ GmbH & Co.Hoechst KG,1,0,0.0
Netiface Limited,1,1,1.0
ARANEA LLC,1,1,1.0
POST Telecom S.A.,1,0,0.0
Board of Regents of the University System of Georgia,1,0,0.0
IQVIA Holdings Inc,1,1,1.0
NETHINKS GmbH,1,0,0.0
"Lunavi, Inc.",1,0,0.0
RoyaleHosting BV,1,1,1.0
CND Medya Reklam ve Internet Hizmetleri Tic. Ltd. Sti.,1,0,0.0
The Kennedy Center,1,0,0.0
Camtel,1,0,0.0
VISTEC Internet Service GmbH,1,0,0.0
e.discom Telekommunikation GmbH,1,0,0.0
Atruvia AG,1,0,0.0
The Center of Dedicated Servers LLC,1,0,0.0
Relink LTD,1,1,1.0
ServerHouse Ltd,1,0,0.0
University of Alaska,1,0,0.0
PJSC Renaissance Insurance Group,1,0,0.0
Asiatech Data Transmission company,1,0,0.0
Sakhalin Cable Telesystems Ltd,1,1,1.0
Rusal Management Jsc,1,0,0.0
INI TECHNOLOGIES PRIVATE LIMITED,1,0,0.0
eSecureData,1,0,0.0
FortressITX,1,0,0.0
The Internet Business Ltd,1,0,0.0
"Enecom,Inc.",1,0,0.0
Weber Ltd,1,0,0.0
"colo4jax, LLC",1,0,0.0
China Unicom Shanghai FuTe IDC network,1,0,0.0
"Vitalwerks Internet Solutions, LLC",1,0,0.0
Kylos sp. z o.o.,1,0,0.0
Hexanet SAS,1,0,0.0
West Bengal Electronics Industry Development,1,0,0.0
Academy Sports + Outdoors,1,0,0.0
Hofmeir Media GmbH,1,0,0.0
Mikron-Media LLC,1,0,0.0
"RICOH USA IT SERVICES - Ricoh USA, Inc.",1,0,0.0
Saveincloud Hospedagem na Internet Ltda,1,0,0.0
ha-vel internet s.r.o.,1,0,0.0
JSC Mastertel,1,0,0.0
Klayer LLC,1,1,1.0
Thryv,1,0,0.0
ARK Data Centers LLC,1,0,0.0
"Giganews, Inc.",1,0,0.0
Texas Farm Bureau Casualty Insurance Company,1,0,0.0
Alter Way SAS,1,0,0.0
StormWeb Canada Hosting Inc.,1,0,0.0
Zemlyaniy Dmitro Leonidovich,1,1,1.0
FIBERNET Corp.,1,0,0.0
Jiangsu Wuxi International IDC network,1,0,0.0
CMFG Life Insurance Company,1,0,0.0
ALGAR TELECOM SA,1,0,0.0
Mojohost B.v.,1,0,0.0
Virtualtec Solutions AG,1,0,0.0
ITERGO Informationstechnologie GmbH,1,0,0.0
integration.net GmbH,1,0,0.0
Zonterra Corp SRL,1,0,0.0
"Fireline Network Solutions, Inc.",1,1,1.0
Eurofiber Cloud Infra B.V.,1,0,0.0
Sognenett AS,1,0,0.0
Nte Telekom As,1,0,0.0
"Black Duck Software, Inc.",1,0,0.0
HK Kwaifong Group Limited,1,0,0.0
ISPpro Internet KG,1,1,1.0
LUCIDACLOUD LIMITED,1,1,1.0
MIMOS R&D Malaysia,1,0,0.0
Zipcon LLC,1,0,0.0
"Chubu Telecommunications Company, Inc.",1,0,0.0
"Ministerio De Economia, Comercio Y Empresa",1,0,0.0
Hessischer Rundfunk,1,0,0.0
Snerpa ehf,1,0,0.0
Evoxt Sdn. Bhd.,1,1,1.0
Dawico Deutschland GmbH,1,0,0.0
EastLink,1,0,0.0
Foxcloud Llp,1,0,0.0
ScaleMatrix,1,0,0.0
"Southwest Cyberport, Inc.",1,0,0.0
Hostiserver Ltd,1,0,0.0
"SAREnet, S.A.",1,0,0.0
Mosenergosbyt PJSC,1,0,0.0
Ingo Klein,1,0,0.0
Edgecast Inc.,1,1,1.0
"Web4ce, s.r.o.",1,0,0.0
T-Mobile Czech Republic a.s.,1,1,1.0
TPx Communications,1,1,1.0
"Cisco OpenDNS, LLC",1,0,0.0
Miejskie Przedsiebiorstwo Wodociagow i Kanalizacji w M.St. Warszawie S.A.,1,0,0.0
Homesite Group Inc,1,0,0.0
Venable LLP,1,0,0.0
ESDS Software Solution Limited.,1,1,1.0
Groupe Precicom Inc.,1,1,1.0
ActiveHost RU LLC,1,0,0.0
"Gesellschaft fuer wissenschaftliche Datenverarbeitung mbH, Goettingen",1,0,0.0
Internet Technologies LLC,1,0,0.0
RootLayer Web Services Ltd.,1,1,1.0
Centro B. de P. em A. e S. e de P de Eventos,1,0,0.0
PT Cubiespot Pilar Data Nusantara,1,0,0.0
KACZMARSKI-INKASSO-Malgorzata-Kaczmarski,1,0,0.0
Komercijalna banka AD Skopje,1,0,0.0
Magit'st Srl,1,0,0.0
"AVONET, s.r.o.",1,1,1.0
Parvati Srl,1,0,0.0
Arvato Systems GmbH,1,0,0.0
New Telecommunication Company Ltd.,1,0,0.0
PT Telekomunikasi Indonesia,1,1,1.0
Audatex (Schweiz) GmbH,1,0,0.0
BRIGHAM YOUNG UNIVERSITY - IDAHO,1,0,0.0
Charter Communications LLC,1,0,0.0
Unite Private Networks LLC.,1,0,0.0
KTVS Ltd.,1,1,1.0
Prosodie Iberica Sl,1,0,0.0
Governo do Estado do Rio Grande do Norte,1,0,0.0
Concorde inc.,1,0,0.0
HK Broadband Network Ltd.,1,0,0.0
froxlor GmbH,1,0,0.0
COLOMBIA TELECOMUNICACIONES S.A. ESP BIC,1,1,1.0
ANGOLA-CABLES,1,0,0.0
SERVICIO DI TELECOMUNICACION DI ARUBA SETAR N.V.,1,0,0.0
BGP Network Limited,1,1,1.0
SecurityNet.cz s.r.o.,1,0,0.0
Isimtescil Bilisim A.S.,1,1,1.0
Connecticore Telecommunications Information Technology S.A,1,0,0.0
SmalS vzw,1,0,0.0
EDPNET Belgium BV,1,0,0.0
xTom Japan Corporation,1,1,1.0
American Electirc Power Co.,1,0,0.0
"LightBound, LLC",1,0,0.0
Techcrea Solutions SAS,1,1,1.0
Joint Ukrainian American Enterprise Telecommunications Resource Center ltd,1,0,0.0
VAS Latvijas Valsts radio un televizijas centrs,1,0,0.0
MAGEX Solutions Kft.,1,0,0.0
Gamgroup Srls,1,0,0.0
Flughafen Muenchen GmbH,1,0,0.0
Surfplanet GmbH,1,0,0.0
Bursabil Teknoloji A.S.,1,0,0.0
Regione Marche,1,0,0.0
"DCT Technologies, Inc.",1,0,0.0
Ehost software company limited,1,1,1.0
Micro Servizi,1,0,0.0
"American International Group Data Center, Inc.",1,0,0.0
Sistemi SpA,1,0,0.0
Tecnotel Servizi Tecnologici srl,1,1,1.0
"Lanka Education & Research Network, NREN",1,0,0.0
Extron Electronics,1,0,0.0
Joint Institute for Nuclear Research,1,0,0.0
Miami Childrens Hospital,1,0,0.0
NSS S.A.,1,0,0.0
Midi Picardie Informatique Hospitaliere,1,0,0.0
Zencom LTD,1,0,0.0
LINKdotNET,1,1,1.0
iquer.net GmbH & Co KG,1,0,0.0
Virtis s.r.o.,1,0,0.0
CD-Telematika a.s.,1,0,0.0
Hayal Host Internet Ve Bilisim Teknolojileri Sanayi Ticaret Limited Sirketi,1,1,1.0
Anton Levin,1,0,0.0
Vestel Elektronik Sanayi ve Ticaret A.S.,1,0,0.0
Jordan Data Communications Company LLC,1,1,1.0
4Consult B.V.,1,0,0.0
Drustvo za telekomunikacije Orion telekom doo Beograd-Zemun,1,0,0.0
SkyExchange Internet Access,1,1,1.0
Artefact SARL,1,0,0.0
MidAmerican Energy Holdings Company,1,0,0.0
ONATI,1,0,0.0
Association IP Synergies,1,0,0.0
Cesena Net S.r.l.,1,0,0.0
University of Calgary,1,0,0.0
Serv.host Group Ltd,1,1,1.0
Telemach Slovenija d.o.o.,1,0,0.0
Universidad del Pais Vasco - Euskal Herriko Unibertsitatea,1,0,0.0
Virtual Machine Solutions LLC,1,1,1.0
Utilities Board of the City of Sylacauga,1,0,0.0
LLC hostoff Csl,1,0,0.0
avency GmbH,1,0,0.0
Worldline SA,1,0,0.0
CONET Deutschland GmbH,1,0,0.0
VOO S.A.,1,0,0.0
"Fusion, LLC",1,0,0.0
Vitec Software Group AB,1,0,0.0
Ag para el Desarrollo de la Sociedad de la Inf en Bolivia - ADSIB,1,0,0.0
Korea Expressway Corporation,1,0,0.0
DeepL SE,1,0,0.0
TelecomService Ltd.,1,0,0.0
SaSG GmbH & Co. KG,1,0,0.0
Orbyta S.A.,1,0,0.0
Vadian.Net AG,1,0,0.0
D.C.N. Corporation,1,0,0.0
cyber_Folks d.o.o,1,0,0.0
FPT Smart Cloud Company Limited,1,0,0.0
SETEL,1,0,0.0
OrionVM Cloud Platform,1,0,0.0
Vodafone Libertel B.V.,1,0,0.0
Flying Circus Internet Operations GmbH,1,0,0.0
Intred S.p.A.,1,0,0.0
Net-Build GmbH,1,0,0.0
IKA Telecom LTD,1,0,0.0
Hostodo,1,1,1.0
Redi LLC,1,0,0.0
Chernyshov Aleksandr Aleksandrovich,1,1,1.0
sun-asn,1,1,1.0
Shell Information Technology International B.V.,1,0,0.0
The Positive Internet Company Ltd,1,0,0.0
Narodowe Centrum Badan Jadrowych,1,0,0.0
ELIN.hu Informatikai Szolgaltato es Tanacsado Kft.,1,0,0.0
Brisktel Private Limited,1,0,0.0
SIA RixHost,1,1,1.0
Tigron bv,1,0,0.0
Pars Shabakeh Azarakhsh LLC,1,0,0.0
Digi Romania S.A.,1,0,0.0
MTNCI-AS,1,1,1.0
R-KOM Regensburger Telekommunikationsgesellschaft mbH,1,0,0.0
It Hostline Ltd,1,1,1.0
"PUMO NETWORK DIGITAL TECHNOLOGY CO.,LTD",1,0,0.0
Purdue University,1,0,0.0
NetJoin,1,0,0.0
The Networking People (TNP) Limited,1,0,0.0
Eurofiber Nederland BV,1,0,0.0
VIETSERVER SERVICES TECHNOLOGY COMPANY LIMITED,1,1,1.0
"Shanghai Blue Cloud Technology Co.,Ltd",1,0,0.0
Qrator Labs CZ s.r.o.,1,0,0.0
Consorci de Serveis Universitaris de Catalunya,1,0,0.0
China Unicom Guangdong IP network,1,1,1.0
Chaos Computer Club e.V.,1,0,0.0
"Global Media Teknologi, PT",1,0,0.0
"XMission, L.C.",1,0,0.0
Instra Corporation Pty Ltd,1,0,0.0
Uruguay,1,0,0.0
Cheiljedang.Co.Inc.,1,0,0.0
Agora TC Sp.z.o.o.,1,0,0.0
Axera SpA,1,0,0.0
INTERNET AG Global Network,1,0,0.0
Videnca AB,1,0,0.0
Telconet S.A,1,0,0.0
FiberXpress BV,1,1,1.0
"RM B, 2F 88 KWAI CHEONG ROAD",1,0,0.0
Saudi Information Technology Company CJSC,1,0,0.0
VirtuaServer Informatica Ltda,1,0,0.0
CHINANET Guangdong province Shenzhen MAN network,1,0,0.0
Super Cell Network For Internet Services Ltd,1,1,1.0
"IT House, Ltd",1,0,0.0
Johannes Gutenberg-Universitaet Mainz,1,0,0.0
"SoundStack Technologies, LLC",1,0,0.0
eServer s.r.o.,1,0,0.0
LLC Information Technology Center,1,0,0.0
Steadfast,1,0,0.0
"Web Host Most, LLC",1,1,1.0
Truenetwork LLC,1,0,0.0
CS LOXINFO PUBLIC COMPANY LIMITED,1,0,0.0
China Telecom Beijing Tianjin Hebei Big Data Industry Park Branch,1,0,0.0
Mahanagar Telephone Nigam Limited,1,0,0.0
TrunkMobile JSC,1,0,0.0
The Exchange Global Server Center,1,0,0.0
Longwood Medical and Academic Area LMA,1,0,0.0
Maksym Rivtin,1,0,0.0
UNIVERSAL HEALTH SERVICES,1,0,0.0
Gibtelecom Ltd.,1,0,0.0
"A1 Slovenija telekomunikacijske storitve,d.d.",1,0,0.0
Azimut-R Ltd.,1,0,0.0
EBSCO Publishing,1,0,0.0
Air Bank a.s.,1,0,0.0
Inetum Belgium NV,1,0,0.0
ASTRUM LLC,1,0,0.0
Multinet Pakistan Pvt. Ltd.,1,1,1.0
VeriSign Infrastructure & Operations,1,0,0.0
Bytedance Inc.,1,1,1.0
Bittiguru Oy,1,0,0.0
SANTA ROSA TELEPHONE COOPERATIVE INC,1,1,1.0
Wave2Net LLC,1,0,0.0
Universidad Autonoma del Estado de Mexico,1,0,0.0
NB-PEI Educational Computer Network,1,0,0.0
ANO TV-Novosti,1,0,0.0
Tinext Cloud SA,1,0,0.0
Tusass A/S,1,0,0.0
Cloudpath,1,0,0.0
"HUBARA hosting solutions, S.L.",1,0,0.0
MivoCloud SRL,1,1,1.0
King Abdul Aziz City for Science and Technology,1,0,0.0
High5! B.V.,1,0,0.0
2Dmedia Ltd.,1,0,0.0
Nucleo de Inf. e Coord. do Ponto BR - NIC.,1,0,0.0
"Jinan,250000",1,0,0.0
OOO Kurier,1,0,0.0
The Pennsylvania State University,1,0,0.0
Sahara Al Jazeera Network Information Technology Company,1,1,1.0
Sefroyek Pardaz Engineering PJSC,1,0,0.0
mpex GmbH,1,0,0.0
NuCDN LLC,1,0,0.0
Qrator Technologies FZ-LLC,1,0,0.0
Nassau Community College,1,0,0.0
Cleura AB,1,0,0.0
Fidium,1,0,0.0
Vietnamobile Telecommunications Joint Stock Company,1,0,0.0
EDGEUNO S.A.S,1,0,0.0
TRANSBANK S.A.,1,0,0.0
Its Integra SAS,1,0,0.0
Mojo Networks,1,0,0.0
Athenahealth,1,0,0.0
Kraft-S LLC,1,0,0.0
United States Department of Defense DoD,1,0,0.0
TUEV Rheinland Service GmbH,1,0,0.0
Gezim Cerri,1,1,1.0
Vitec Memorix B.V.,1,0,0.0
LIR LLC,1,0,0.0
AHOSTING,1,0,0.0
ecomDATA GmbH,1,0,0.0
CEZNET s.r.o.,1,1,1.0
PageMaster Ltd,1,0,0.0
NetUSE AG,1,0,0.0
Belarusian Cloud Technologies LLC,1,0,0.0
Illinois Century Network,1,0,0.0
Perm National Research Polytechnic University,1,0,0.0
